epoch,train_loss,bud_f1,flower_f1,fruit_f1,val_macro_f1,val_exact,learning_rate,peak_gpu_gb
1,0.7358170444804026,0.6101694915254238,0.749034749034749,0.7378640776699029,0.6990227727433586,0.4571428596973419,0.0009972609476841367,0.8797469139099121
2,0.6646043380176214,0.6564885496183207,0.7573529411764706,0.7414634146341464,0.7184349684763126,0.4535714387893677,0.0009890738003669028,0.8802351951599121
3,0.6428931097675087,0.6337448559670782,0.7544483985765124,0.76,0.7160644181811969,0.4714285731315613,0.0009755282581475768,0.8797469139099121
4,0.6316131107789233,0.6978417266187049,0.7596899224806202,0.7812500000000001,0.7462605496997751,0.5071428418159485,0.0009567727288213003,0.8802351951599121
5,0.6214452644824086,0.6393442622950819,0.7500000000000001,0.7289719626168225,0.7061054083039681,0.46071428060531616,0.0009330127018922195,0.8797469139099121
6,0.6122027549528538,0.6497890295358649,0.7604562737642586,0.7835051546391751,0.7312501526464329,0.48571428656578064,0.0009045084971874739,0.8802351951599121
7,0.6007684932279408,0.6615384615384615,0.7657992565055762,0.7830687830687831,0.7368021670376069,0.4928571283817291,0.0008715724127386972,0.8797469139099121
8,0.5861038015805241,0.6642599277978339,0.7561837455830388,0.7812500000000001,0.7338978911269577,0.4571428596973419,0.0008345653031794292,0.8802351951599121
9,0.5821547635291752,0.6666666666666667,0.7509881422924901,0.77,0.7292182696530523,0.4714285731315613,0.0007938926261462366,0.8797469139099121
10,0.5703352782006998,0.6666666666666666,0.7559055118110235,0.7669902912621358,0.729854156579942,0.4892857074737549,0.00075,0.8802351951599121
11,0.5643714972344557,0.623931623931624,0.7463768115942029,0.7661691542288558,0.7121591965848942,0.4714285731315613,0.0007033683215379003,0.8797469139099121
