image_id,gbif_id,path,split,bud,flower,fruit
1228145513_e019daa4,1228145513,data/images/1228145513_e019daa4.jpg,test,0,1,0
1228151634_d4d8c457,1228151634,data/images/1228151634_d4d8c457.jpg,test,1,1,0
1228152512_5d6e183a,1228152512,data/images/1228152512_5d6e183a.jpg,test,1,0,0
1228162628_2d57f497,1228162628,data/images/1228162628_2d57f497.jpg,test,0,0,0
1228163976_cd7768bd,1228163976,data/images/1228163976_cd7768bd.jpg,test,0,1,0
1228168858_b856e2ae,1228168858,data/images/1228168858_b856e2ae.jpg,test,1,1,0
1228181935_1991acf3,1228181935,data/images/1228181935_1991acf3.jpg,test,1,1,0
1228189028_4e2deff2,1228189028,data/images/1228189028_4e2deff2.jpg,test,1,0,0
1228189693_c9c0b654,1228189693,data/images/1228189693_c9c0b654.jpg,test,1,1,0
1228194434_65f97c34,1228194434,data/images/1228194434_65f97c34.jpg,test,1,0,0
1228198435_361ab0d8,1228198435,data/images/1228198435_361ab0d8.jpg,test,0,0,0
1228200975_c3824d13,1228200975,data/images/1228200975_c3824d13.jpg,test,1,1,0
1228209261_0bd9049d,1228209261,data/images/1228209261_0bd9049d.jpg,test,0,0,1
1228220267_bb906289,1228220267,data/images/1228220267_bb906289.jpg,test,1,1,0
1228226830_9a0c306c,1228226830,data/images/1228226830_9a0c306c.jpg,test,1,0,0
1228248793_6b1beba1,1228248793,data/images/1228248793_6b1beba1.jpg,test,0,1,0
1228286704_43fb6aa5,1228286704,data/images/1228286704_43fb6aa5.jpg,test,1,0,0
1228301390_1fc74063,1228301390,data/images/1228301390_1fc74063.jpg,test,0,1,0
1228305001_626b99df,1228305001,data/images/1228305001_626b99df.jpg,test,0,0,1
1228324654_85a0202d,1228324654,data/images/1228324654_85a0202d.jpg,test,0,1,1
1228329889_2eb0a61f,1228329889,data/images/1228329889_2eb0a61f.jpg,test,1,0,0
1228341858_220b2076,1228341858,data/images/1228341858_220b2076.jpg,test,0,1,0
1228387331_7dd9420a,1228387331,data/images/1228387331_7dd9420a.jpg,test,1,0,0
1228405059_957f73c9,1228405059,data/images/1228405059_957f73c9.jpg,test,1,1,0
1228405467_f5769bc4,1228405467,data/images/1228405467_f5769bc4.jpg,test,0,0,1
1228419539_cbd8c222,1228419539,data/images/1228419539_cbd8c222.jpg,test,0,0,1
1228442830_572b2753,1228442830,data/images/1228442830_572b2753.jpg,test,0,0,1
1228462123_0a29ad0c,1228462123,data/images/1228462123_0a29ad0c.jpg,test,1,0,0
1228490544_e6bee1e9,1228490544,data/images/1228490544_e6bee1e9.jpg,test,1,0,0
1228511015_1c3bef02,1228511015,data/images/1228511015_1c3bef02.jpg,test,1,1,0
1228517471_9568fd0f,1228517471,data/images/1228517471_9568fd0f.jpg,test,0,1,0
1228527416_88f48c73,1228527416,data/images/1228527416_88f48c73.jpg,test,0,0,1
1228528850_f0a16e6f,1228528850,data/images/1228528850_f0a16e6f.jpg,test,0,0,1
1228551295_de919d8f,1228551295,data/images/1228551295_de919d8f.jpg,test,1,1,0
1228561616_5d723039,1228561616,data/images/1228561616_5d723039.jpg,test,1,1,0
1228576880_c6b2abfe,1228576880,data/images/1228576880_c6b2abfe.jpg,test,0,1,0
1228590932_274852cf,1228590932,data/images/1228590932_274852cf.jpg,test,0,0,1
1228598615_dcc7b38f,1228598615,data/images/1228598615_dcc7b38f.jpg,test,0,0,1
1228604990_09dcab98,1228604990,data/images/1228604990_09dcab98.jpg,test,1,1,0
1228611563_bfe615af,1228611563,data/images/1228611563_bfe615af.jpg,test,0,1,0
1228612661_73a63d97,1228612661,data/images/1228612661_73a63d97.jpg,test,0,1,0
1228616444_547622e4,1228616444,data/images/1228616444_547622e4.jpg,test,1,1,0
1228625001_5f60856d,1228625001,data/images/1228625001_5f60856d.jpg,test,0,0,1
1228633795_177897e0,1228633795,data/images/1228633795_177897e0.jpg,test,0,1,0
1252641427_dc91c79d,1252641427,data/images/1252641427_dc91c79d.jpg,test,0,1,0
1257719434_0e1f06f5,1257719434,data/images/1257719434_0e1f06f5.jpg,test,0,0,0
1257719434_128b1a62,1257719434,data/images/1257719434_128b1a62.jpg,test,0,0,0
1257861125_1dd79d41,1257861125,data/images/1257861125_1dd79d41.jpg,test,1,1,0
1262189035_7d7edc7c,1262189035,data/images/1262189035_7d7edc7c.jpg,test,1,1,0
1262189084_de03462e,1262189084,data/images/1262189084_de03462e.jpg,test,0,1,0
1423897403_33778f49,1423897403,data/images/1423897403_33778f49.jpg,test,0,0,1
1423899823_a05e7c87,1423899823,data/images/1423899823_a05e7c87.jpg,test,1,1,0
1424067720_2dd97d89,1424067720,data/images/1424067720_2dd97d89.jpg,test,0,0,1
1424182659_79934108,1424182659,data/images/1424182659_79934108.jpg,test,1,1,0
1424262758_1ec3a3f2,1424262758,data/images/1424262758_1ec3a3f2.jpg,test,1,0,0
1451070468_c792e7af,1451070468,data/images/1451070468_c792e7af.jpg,test,1,1,0
1451071932_1fdffff3,1451071932,data/images/1451071932_1fdffff3.jpg,test,1,0,1
1837458268_376243cb,1837458268,data/images/1837458268_376243cb.jpg,test,0,0,1
1851288778_5ff20aeb,1851288778,data/images/1851288778_5ff20aeb.jpg,test,1,0,0
2242465518_6945ccaa,2242465518,data/images/2242465518_6945ccaa.jpg,test,1,1,0
2242465716_6aab1dc2,2242465716,data/images/2242465716_6aab1dc2.jpg,test,1,0,0
2270466668_0def3737,2270466668,data/images/2270466668_0def3737.jpg,test,1,1,0
2270466668_93231188,2270466668,data/images/2270466668_93231188.jpg,test,1,0,0
2270467954_4739a0dc,2270467954,data/images/2270467954_4739a0dc.jpg,test,0,1,0
2270468261_3a36d2e7,2270468261,data/images/2270468261_3a36d2e7.jpg,test,0,0,1
2270468686_588aa490,2270468686,data/images/2270468686_588aa490.jpg,test,0,0,1
2270469584_01483ebf,2270469584,data/images/2270469584_01483ebf.jpg,test,0,0,1
2270482269_9f187f3b,2270482269,data/images/2270482269_9f187f3b.jpg,test,0,1,0
2270482826_7ebd9261,2270482826,data/images/2270482826_7ebd9261.jpg,test,1,1,0
2270483739_367242aa,2270483739,data/images/2270483739_367242aa.jpg,test,1,1,0
2270514024_37734097,2270514024,data/images/2270514024_37734097.jpg,test,1,1,0
2270514472_e9bef04c,2270514472,data/images/2270514472_e9bef04c.jpg,test,1,1,0
2270541730_ead454c6,2270541730,data/images/2270541730_ead454c6.jpg,test,0,0,0
2270554432_0ef969e2,2270554432,data/images/2270554432_0ef969e2.jpg,test,0,0,0
2270555075_91dada94,2270555075,data/images/2270555075_91dada94.jpg,test,1,1,0
2270556521_d218763f,2270556521,data/images/2270556521_d218763f.jpg,test,1,0,0
2270557357_1a07e691,2270557357,data/images/2270557357_1a07e691.jpg,test,0,0,1
2270557424_a1127afe,2270557424,data/images/2270557424_a1127afe.jpg,test,1,0,0
2270558658_20cff589,2270558658,data/images/2270558658_20cff589.jpg,test,0,1,0
2270560443_cb178ed9,2270560443,data/images/2270560443_cb178ed9.jpg,test,0,0,0
2270565747_b38c5cf3,2270565747,data/images/2270565747_b38c5cf3.jpg,test,1,1,0
2270566664_4d86bc08,2270566664,data/images/2270566664_4d86bc08.jpg,test,0,0,1
2270597977_9301c379,2270597977,data/images/2270597977_9301c379.jpg,test,0,0,1
2270673692_e43b048b,2270673692,data/images/2270673692_e43b048b.jpg,test,1,0,1
2270673773_dadb0216,2270673773,data/images/2270673773_dadb0216.jpg,test,0,0,0
2270674399_7cd93a2c,2270674399,data/images/2270674399_7cd93a2c.jpg,test,0,0,1
2270674771_826798bb,2270674771,data/images/2270674771_826798bb.jpg,test,0,0,1
2270675199_b8720765,2270675199,data/images/2270675199_b8720765.jpg,test,0,0,1
2270675373_dd98ad81,2270675373,data/images/2270675373_dd98ad81.jpg,test,1,1,0
2270675435_6c12ceb3,2270675435,data/images/2270675435_6c12ceb3.jpg,test,0,1,0
2270676517_d6c34250,2270676517,data/images/2270676517_d6c34250.jpg,test,0,0,1
2270677058_7acc47ec,2270677058,data/images/2270677058_7acc47ec.jpg,test,1,0,0
2270677365_92b0ae21,2270677365,data/images/2270677365_92b0ae21.jpg,test,0,1,1
2270677520_3f4c9b81,2270677520,data/images/2270677520_3f4c9b81.jpg,test,1,1,0
2270677736_bb7771de,2270677736,data/images/2270677736_bb7771de.jpg,test,0,1,0
2270677739_52afed60,2270677739,data/images/2270677739_52afed60.jpg,test,0,1,0
2270678276_550c7fea,2270678276,data/images/2270678276_550c7fea.jpg,test,0,0,1
2270678449_3d4209ed,2270678449,data/images/2270678449_3d4209ed.jpg,test,1,0,0
2270678449_e0cd6e1f,2270678449,data/images/2270678449_e0cd6e1f.jpg,test,1,0,0
2270679728_13f3507b,2270679728,data/images/2270679728_13f3507b.jpg,test,1,0,0
2270679944_c6dea89d,2270679944,data/images/2270679944_c6dea89d.jpg,test,0,0,0
2270680264_d3578def,2270680264,data/images/2270680264_d3578def.jpg,test,0,0,1
2270682692_44b58ead,2270682692,data/images/2270682692_44b58ead.jpg,test,0,0,1
2270682798_35da560e,2270682798,data/images/2270682798_35da560e.jpg,test,0,0,1
2270683055_3a885dd0,2270683055,data/images/2270683055_3a885dd0.jpg,test,1,0,0
2270683309_a2d8c970,2270683309,data/images/2270683309_a2d8c970.jpg,test,1,0,0
2270683442_954547d8,2270683442,data/images/2270683442_954547d8.jpg,test,0,0,1
2270683818_d54689d6,2270683818,data/images/2270683818_d54689d6.jpg,test,0,0,1
2270683977_98fbf37a,2270683977,data/images/2270683977_98fbf37a.jpg,test,1,1,0
2270685044_cbb4de92,2270685044,data/images/2270685044_cbb4de92.jpg,test,0,1,0
2270685613_a12e3faa,2270685613,data/images/2270685613_a12e3faa.jpg,test,0,0,1
2270687949_e16cbc4b,2270687949,data/images/2270687949_e16cbc4b.jpg,test,0,0,1
3068478324_db399b8f,3068478324,data/images/3068478324_db399b8f.jpg,test,0,0,1
3068489355_7531d41a,3068489355,data/images/3068489355_7531d41a.jpg,test,1,1,1
3126861310_dbdbc3e5,3126861310,data/images/3126861310_dbdbc3e5.jpg,test,0,0,1
3704813342_a15a8f5b,3704813342,data/images/3704813342_a15a8f5b.jpg,test,1,0,0
3704817332_a7f88e74,3704817332,data/images/3704817332_a7f88e74.jpg,test,1,1,0
3704831362_ea7dac15,3704831362,data/images/3704831362_ea7dac15.jpg,test,1,1,0
3762875414_71610dca,3762875414,data/images/3762875414_71610dca.jpg,test,0,0,0
4061127988_4d52e0a3,4061127988,data/images/4061127988_4d52e0a3.jpg,test,0,0,0
4061127988_7af7b896,4061127988,data/images/4061127988_7af7b896.jpg,test,0,1,0
4061127988_86703bb9,4061127988,data/images/4061127988_86703bb9.jpg,test,0,0,1
4061127988_d4c503d1,4061127988,data/images/4061127988_d4c503d1.jpg,test,1,1,0
4061127988_fd163e7e,4061127988,data/images/4061127988_fd163e7e.jpg,test,0,1,0
4519375811_d8408bc7,4519375811,data/images/4519375811_d8408bc7.jpg,test,1,1,0
4519383714_28ba4b67,4519383714,data/images/4519383714_28ba4b67.jpg,test,1,0,0
4519387003_6be8bd06,4519387003,data/images/4519387003_6be8bd06.jpg,test,0,1,0
4519389328_147b08f8,4519389328,data/images/4519389328_147b08f8.jpg,test,1,0,0
4519393319_725ac80b,4519393319,data/images/4519393319_725ac80b.jpg,test,1,1,0
4519395177_e2b4791e,4519395177,data/images/4519395177_e2b4791e.jpg,test,0,0,1
4958573413_344dc9d7,4958573413,data/images/4958573413_344dc9d7.jpg,test,0,0,0
4975200845_16e70c9b,4975200845,data/images/4975200845_16e70c9b.jpg,test,1,1,0
4988844170_ca96f626,4988844170,data/images/4988844170_ca96f626.jpg,test,0,1,0
5872157401_75f4fa26,5872157401,data/images/5872157401_75f4fa26.jpg,test,1,1,0
5872157635_05f93960,5872157635,data/images/5872157635_05f93960.jpg,test,0,0,0
6392814813_3468645e,6392814813,data/images/6392814813_3468645e.jpg,test,1,0,0
6392815876_362c8e8f,6392815876,data/images/6392815876_362c8e8f.jpg,test,0,0,1
6392821761_68832667,6392821761,data/images/6392821761_68832667.jpg,test,1,0,0
6392822303_1b2d437e,6392822303,data/images/6392822303_1b2d437e.jpg,test,1,1,0
6392822502_ca14b549,6392822502,data/images/6392822502_ca14b549.jpg,test,1,1,0
912079088_d19009f3,912079088,data/images/912079088_d19009f3.jpg,test,0,0,1
912079402_a0de8561,912079402,data/images/912079402_a0de8561.jpg,test,1,1,0
912079471_fc514d30,912079471,data/images/912079471_fc514d30.jpg,test,1,0,0
912233175_4886d7db,912233175,data/images/912233175_4886d7db.jpg,test,1,1,0
912233572_b4ef82b9,912233572,data/images/912233572_b4ef82b9.jpg,test,0,0,1
912286453_a82319c2,912286453,data/images/912286453_a82319c2.jpg,test,0,0,1
912286640_76906752,912286640,data/images/912286640_76906752.jpg,test,0,0,1
912287033_da74951d,912287033,data/images/912287033_da74951d.jpg,test,0,1,0
912287598_a93fe43a,912287598,data/images/912287598_a93fe43a.jpg,test,0,0,1
912292850_fd451e88,912292850,data/images/912292850_fd451e88.jpg,test,0,0,1
912294010_3992ca6b,912294010,data/images/912294010_3992ca6b.jpg,test,0,0,1
912294876_97c7b10f,912294876,data/images/912294876_97c7b10f.jpg,test,1,0,0
1020042535_e38149e2,1020042535,data/images/1020042535_e38149e2.jpg,train,0,1,0
1228144762_563f807d,1228144762,data/images/1228144762_563f807d.jpg,train,0,0,1
1228144868_54097e0d,1228144868,data/images/1228144868_54097e0d.jpg,train,0,0,1
1228146947_b1c7f835,1228146947,data/images/1228146947_b1c7f835.jpg,train,1,1,0
1228147254_0f041189,1228147254,data/images/1228147254_0f041189.jpg,train,0,0,1
1228148725_c2708fc2,1228148725,data/images/1228148725_c2708fc2.jpg,train,1,1,0
1228149145_87fd1780,1228149145,data/images/1228149145_87fd1780.jpg,train,0,0,0
1228149266_c809d842,1228149266,data/images/1228149266_c809d842.jpg,train,0,0,1
1228149287_e63817fb,1228149287,data/images/1228149287_e63817fb.jpg,train,0,1,0
1228149901_23d1f877,1228149901,data/images/1228149901_23d1f877.jpg,train,1,1,0
1228149927_53a11386,1228149927,data/images/1228149927_53a11386.jpg,train,1,1,0
1228150861_ef7eb6a8,1228150861,data/images/1228150861_ef7eb6a8.jpg,train,0,0,1
1228151241_110c656c,1228151241,data/images/1228151241_110c656c.jpg,train,1,1,0
1228152048_53a2afeb,1228152048,data/images/1228152048_53a2afeb.jpg,train,0,0,0
1228154116_f0d54e72,1228154116,data/images/1228154116_f0d54e72.jpg,train,0,0,0
1228155509_badf75c4,1228155509,data/images/1228155509_badf75c4.jpg,train,1,0,0
1228155910_5a44991d,1228155910,data/images/1228155910_5a44991d.jpg,train,0,1,0
1228157926_3b3e424e,1228157926,data/images/1228157926_3b3e424e.jpg,train,1,0,0
1228158919_0dbe18d1,1228158919,data/images/1228158919_0dbe18d1.jpg,train,1,0,0
1228159653_bbe99640,1228159653,data/images/1228159653_bbe99640.jpg,train,0,1,0
1228160975_73f0c9fe,1228160975,data/images/1228160975_73f0c9fe.jpg,train,0,0,1
1228162773_372c7db6,1228162773,data/images/1228162773_372c7db6.jpg,train,0,1,0
1228163192_579377b1,1228163192,data/images/1228163192_579377b1.jpg,train,0,0,1
1228163789_3cc63349,1228163789,data/images/1228163789_3cc63349.jpg,train,0,1,0
1228163848_ac4b7d84,1228163848,data/images/1228163848_ac4b7d84.jpg,train,1,1,0
1228165089_e4e904a5,1228165089,data/images/1228165089_e4e904a5.jpg,train,1,1,0
1228166340_f6d6080c,1228166340,data/images/1228166340_f6d6080c.jpg,train,1,1,0
1228166960_d22e7d04,1228166960,data/images/1228166960_d22e7d04.jpg,train,1,0,0
1228168001_e53d6c2a,1228168001,data/images/1228168001_e53d6c2a.jpg,train,1,1,1
1228169237_580125a3,1228169237,data/images/1228169237_580125a3.jpg,train,1,1,0
1228169704_ba01ef7e,1228169704,data/images/1228169704_ba01ef7e.jpg,train,1,0,0
1228170229_15963eca,1228170229,data/images/1228170229_15963eca.jpg,train,0,0,1
1228170765_4ca11f4f,1228170765,data/images/1228170765_4ca11f4f.jpg,train,1,0,0
1228171969_e77c89ab,1228171969,data/images/1228171969_e77c89ab.jpg,train,1,1,0
1228173214_90ed90da,1228173214,data/images/1228173214_90ed90da.jpg,train,1,1,0
1228174668_961f5617,1228174668,data/images/1228174668_961f5617.jpg,train,1,1,0
1228175236_5e59b66d,1228175236,data/images/1228175236_5e59b66d.jpg,train,1,1,0
1228178180_2cad0c89,1228178180,data/images/1228178180_2cad0c89.jpg,train,1,1,0
1228178626_5f4e36f6,1228178626,data/images/1228178626_5f4e36f6.jpg,train,1,1,0
1228178942_219df141,1228178942,data/images/1228178942_219df141.jpg,train,1,1,0
1228179749_7869562a,1228179749,data/images/1228179749_7869562a.jpg,train,1,1,1
1228179930_8e2c7532,1228179930,data/images/1228179930_8e2c7532.jpg,train,1,1,0
1228181434_08763f1c,1228181434,data/images/1228181434_08763f1c.jpg,train,0,0,1
1228181464_877c8bdc,1228181464,data/images/1228181464_877c8bdc.jpg,train,0,0,1
1228181595_934ddcd3,1228181595,data/images/1228181595_934ddcd3.jpg,train,1,0,0
1228182048_eb669aaa,1228182048,data/images/1228182048_eb669aaa.jpg,train,0,0,1
1228182920_88cf4039,1228182920,data/images/1228182920_88cf4039.jpg,train,1,1,0
1228184476_c879b412,1228184476,data/images/1228184476_c879b412.jpg,train,0,1,0
1228184836_2ab6fa8a,1228184836,data/images/1228184836_2ab6fa8a.jpg,train,1,1,0
1228185459_8f0a4b8f,1228185459,data/images/1228185459_8f0a4b8f.jpg,train,1,0,0
1228185561_4a906a2b,1228185561,data/images/1228185561_4a906a2b.jpg,train,0,1,1
1228185913_00918beb,1228185913,data/images/1228185913_00918beb.jpg,train,1,0,0
1228186764_e3c16f2d,1228186764,data/images/1228186764_e3c16f2d.jpg,train,0,1,0
1228187088_79af2dca,1228187088,data/images/1228187088_79af2dca.jpg,train,1,1,0
1228187377_1d8ec362,1228187377,data/images/1228187377_1d8ec362.jpg,train,1,1,0
1228187511_2884d753,1228187511,data/images/1228187511_2884d753.jpg,train,1,1,0
1228188893_bd17c1a1,1228188893,data/images/1228188893_bd17c1a1.jpg,train,0,1,0
1228190247_b093c3b6,1228190247,data/images/1228190247_b093c3b6.jpg,train,0,1,0
1228191547_488db26a,1228191547,data/images/1228191547_488db26a.jpg,train,1,0,0
1228192043_775dc0fb,1228192043,data/images/1228192043_775dc0fb.jpg,train,0,0,1
1228192138_b794b7e0,1228192138,data/images/1228192138_b794b7e0.jpg,train,1,1,0
1228193562_0404b766,1228193562,data/images/1228193562_0404b766.jpg,train,0,1,0
1228194454_c4cfc9d3,1228194454,data/images/1228194454_c4cfc9d3.jpg,train,0,1,0
1228195099_3bac7d8f,1228195099,data/images/1228195099_3bac7d8f.jpg,train,1,0,0
1228195223_b1f8d1c7,1228195223,data/images/1228195223_b1f8d1c7.jpg,train,0,1,0
1228197978_65e52743,1228197978,data/images/1228197978_65e52743.jpg,train,0,1,0
1228197991_19ced2bd,1228197991,data/images/1228197991_19ced2bd.jpg,train,1,0,0
1228198354_6dab8a38,1228198354,data/images/1228198354_6dab8a38.jpg,train,1,0,0
1228199208_a6b85cee,1228199208,data/images/1228199208_a6b85cee.jpg,train,1,0,0
1228199240_87c1e6c4,1228199240,data/images/1228199240_87c1e6c4.jpg,train,1,0,0
1228199785_204584f8,1228199785,data/images/1228199785_204584f8.jpg,train,0,0,1
1228200560_84f1b0fd,1228200560,data/images/1228200560_84f1b0fd.jpg,train,0,1,0
1228202174_da9d8912,1228202174,data/images/1228202174_da9d8912.jpg,train,1,1,0
1228204618_371dc411,1228204618,data/images/1228204618_371dc411.jpg,train,1,1,0
1228205450_28d290da,1228205450,data/images/1228205450_28d290da.jpg,train,0,0,1
1228207047_356ee55c,1228207047,data/images/1228207047_356ee55c.jpg,train,1,1,0
1228207094_de355287,1228207094,data/images/1228207094_de355287.jpg,train,0,0,1
1228209562_25f21eac,1228209562,data/images/1228209562_25f21eac.jpg,train,0,0,1
1228210891_2cb2a10f,1228210891,data/images/1228210891_2cb2a10f.jpg,train,1,0,0
1228210987_d8f4400a,1228210987,data/images/1228210987_d8f4400a.jpg,train,0,0,0
1228212490_046648ff,1228212490,data/images/1228212490_046648ff.jpg,train,0,1,0
1228212709_41b80a86,1228212709,data/images/1228212709_41b80a86.jpg,train,1,1,0
1228213852_e9ce9bd6,1228213852,data/images/1228213852_e9ce9bd6.jpg,train,1,1,0
1228214143_ebef7e6c,1228214143,data/images/1228214143_ebef7e6c.jpg,train,0,0,1
1228218143_14d46cd2,1228218143,data/images/1228218143_14d46cd2.jpg,train,1,1,0
1228218265_4fae56d4,1228218265,data/images/1228218265_4fae56d4.jpg,train,1,0,0
1228219032_4807c656,1228219032,data/images/1228219032_4807c656.jpg,train,0,1,0
1228220236_c2e93bc2,1228220236,data/images/1228220236_c2e93bc2.jpg,train,1,1,0
1228220306_af17021e,1228220306,data/images/1228220306_af17021e.jpg,train,0,1,1
1228221148_d01c46cb,1228221148,data/images/1228221148_d01c46cb.jpg,train,0,1,0
1228222653_3aa7bdd1,1228222653,data/images/1228222653_3aa7bdd1.jpg,train,0,0,1
1228222974_ce71a5d6,1228222974,data/images/1228222974_ce71a5d6.jpg,train,1,1,0
1228223220_35003c6e,1228223220,data/images/1228223220_35003c6e.jpg,train,0,0,1
1228225130_a39ab61a,1228225130,data/images/1228225130_a39ab61a.jpg,train,1,0,0
1228226064_cf98a7df,1228226064,data/images/1228226064_cf98a7df.jpg,train,0,1,0
1228226230_cc948e23,1228226230,data/images/1228226230_cc948e23.jpg,train,0,1,0
1228230211_14f3e473,1228230211,data/images/1228230211_14f3e473.jpg,train,0,1,0
1228232702_e450d91c,1228232702,data/images/1228232702_e450d91c.jpg,train,1,0,0
1228234371_e46267b5,1228234371,data/images/1228234371_e46267b5.jpg,train,0,0,1
1228236740_f4beeafb,1228236740,data/images/1228236740_f4beeafb.jpg,train,0,0,1
1228237846_4868f6ba,1228237846,data/images/1228237846_4868f6ba.jpg,train,0,0,1
1228238286_dfda0015,1228238286,data/images/1228238286_dfda0015.jpg,train,0,0,1
1228245765_4ded9e10,1228245765,data/images/1228245765_4ded9e10.jpg,train,0,0,1
1228249949_bcba9f8e,1228249949,data/images/1228249949_bcba9f8e.jpg,train,0,1,0
1228251442_dba25c0a,1228251442,data/images/1228251442_dba25c0a.jpg,train,1,0,0
1228276150_42f2fbac,1228276150,data/images/1228276150_42f2fbac.jpg,train,0,0,0
1228280259_1d4ecfe1,1228280259,data/images/1228280259_1d4ecfe1.jpg,train,0,0,1
1228280502_1aedc9cf,1228280502,data/images/1228280502_1aedc9cf.jpg,train,1,1,0
1228282469_4e78f1cb,1228282469,data/images/1228282469_4e78f1cb.jpg,train,1,0,0
1228284914_f7f852f7,1228284914,data/images/1228284914_f7f852f7.jpg,train,0,1,0
1228293412_350e34c4,1228293412,data/images/1228293412_350e34c4.jpg,train,1,1,0
1228294999_8f1f3493,1228294999,data/images/1228294999_8f1f3493.jpg,train,1,1,1
1228297109_80a49efb,1228297109,data/images/1228297109_80a49efb.jpg,train,1,0,0
1228301940_641b329c,1228301940,data/images/1228301940_641b329c.jpg,train,0,1,0
1228303606_f74065e6,1228303606,data/images/1228303606_f74065e6.jpg,train,0,0,1
1228305820_e5ae6b2e,1228305820,data/images/1228305820_e5ae6b2e.jpg,train,0,0,1
1228308234_749df9c6,1228308234,data/images/1228308234_749df9c6.jpg,train,0,0,0
1228316581_b849a630,1228316581,data/images/1228316581_b849a630.jpg,train,0,1,0
1228317439_061d9971,1228317439,data/images/1228317439_061d9971.jpg,train,1,1,0
1228317745_ce1fa5b6,1228317745,data/images/1228317745_ce1fa5b6.jpg,train,1,1,0
1228318978_5c79da39,1228318978,data/images/1228318978_5c79da39.jpg,train,0,1,1
1228330775_26a9d103,1228330775,data/images/1228330775_26a9d103.jpg,train,1,1,0
1228331280_32b9cacc,1228331280,data/images/1228331280_32b9cacc.jpg,train,1,1,0
1228331297_7d8d45ff,1228331297,data/images/1228331297_7d8d45ff.jpg,train,0,0,1
1228333784_0fb17a33,1228333784,data/images/1228333784_0fb17a33.jpg,train,1,0,0
1228340981_2668b575,1228340981,data/images/1228340981_2668b575.jpg,train,0,0,1
1228341714_b16ce976,1228341714,data/images/1228341714_b16ce976.jpg,train,0,0,1
1228344569_828e8c8a,1228344569,data/images/1228344569_828e8c8a.jpg,train,0,0,1
1228350831_89886d75,1228350831,data/images/1228350831_89886d75.jpg,train,0,0,1
1228351230_74cfd9be,1228351230,data/images/1228351230_74cfd9be.jpg,train,1,1,0
1228356563_ad1e85c3,1228356563,data/images/1228356563_ad1e85c3.jpg,train,0,1,0
1228360579_c6bd108f,1228360579,data/images/1228360579_c6bd108f.jpg,train,0,1,1
1228363755_2b1a5148,1228363755,data/images/1228363755_2b1a5148.jpg,train,0,0,0
1228366486_7bcaa1db,1228366486,data/images/1228366486_7bcaa1db.jpg,train,0,0,1
1228375236_091b7df2,1228375236,data/images/1228375236_091b7df2.jpg,train,1,0,0
1228383662_db65ee98,1228383662,data/images/1228383662_db65ee98.jpg,train,1,0,0
1228386190_04fc9236,1228386190,data/images/1228386190_04fc9236.jpg,train,0,0,1
1228393012_450e0917,1228393012,data/images/1228393012_450e0917.jpg,train,0,0,1
1228394374_e37e6d9a,1228394374,data/images/1228394374_e37e6d9a.jpg,train,1,0,0
1228396953_8e525e78,1228396953,data/images/1228396953_8e525e78.jpg,train,0,0,0
1228398935_7f999733,1228398935,data/images/1228398935_7f999733.jpg,train,0,1,0
1228401934_4ed671ee,1228401934,data/images/1228401934_4ed671ee.jpg,train,0,0,1
1228405294_49171877,1228405294,data/images/1228405294_49171877.jpg,train,1,1,0
1228406646_f556f094,1228406646,data/images/1228406646_f556f094.jpg,train,0,1,0
1228407395_3eaf36c4,1228407395,data/images/1228407395_3eaf36c4.jpg,train,0,1,0
1228409525_c107824b,1228409525,data/images/1228409525_c107824b.jpg,train,0,0,1
1228417340_70203188,1228417340,data/images/1228417340_70203188.jpg,train,1,1,0
1228418272_ea390d18,1228418272,data/images/1228418272_ea390d18.jpg,train,0,0,0
1228419262_1eb43239,1228419262,data/images/1228419262_1eb43239.jpg,train,1,1,0
1228424954_839a2d96,1228424954,data/images/1228424954_839a2d96.jpg,train,1,1,0
1228426413_2ccf3270,1228426413,data/images/1228426413_2ccf3270.jpg,train,0,0,1
1228430728_20fe5694,1228430728,data/images/1228430728_20fe5694.jpg,train,0,1,0
1228436037_0d01791c,1228436037,data/images/1228436037_0d01791c.jpg,train,1,0,0
1228449021_ea982570,1228449021,data/images/1228449021_ea982570.jpg,train,0,1,0
1228455311_39cd4404,1228455311,data/images/1228455311_39cd4404.jpg,train,0,0,1
1228467728_c4ff7e2a,1228467728,data/images/1228467728_c4ff7e2a.jpg,train,1,1,0
1228468732_874cc7f7,1228468732,data/images/1228468732_874cc7f7.jpg,train,0,0,0
1228468759_42c5b016,1228468759,data/images/1228468759_42c5b016.jpg,train,0,1,0
1228470569_12feae19,1228470569,data/images/1228470569_12feae19.jpg,train,0,0,1
1228470795_543681dd,1228470795,data/images/1228470795_543681dd.jpg,train,1,0,0
1228471836_6b0fa0bb,1228471836,data/images/1228471836_6b0fa0bb.jpg,train,1,1,0
1228472104_0cf96503,1228472104,data/images/1228472104_0cf96503.jpg,train,0,0,1
1228474279_7c136583,1228474279,data/images/1228474279_7c136583.jpg,train,0,1,0
1228474281_82d6e3a0,1228474281,data/images/1228474281_82d6e3a0.jpg,train,0,0,1
1228478533_c905cad9,1228478533,data/images/1228478533_c905cad9.jpg,train,0,0,1
1228483126_30a4c49b,1228483126,data/images/1228483126_30a4c49b.jpg,train,0,0,0
1228485323_f50bc0b8,1228485323,data/images/1228485323_f50bc0b8.jpg,train,0,0,1
1228485546_1147a6fc,1228485546,data/images/1228485546_1147a6fc.jpg,train,0,1,0
1228485849_a2aa58ba,1228485849,data/images/1228485849_a2aa58ba.jpg,train,1,1,0
1228487312_e715764b,1228487312,data/images/1228487312_e715764b.jpg,train,0,0,1
1228488411_66a695d8,1228488411,data/images/1228488411_66a695d8.jpg,train,0,0,1
1228496531_00069f98,1228496531,data/images/1228496531_00069f98.jpg,train,0,1,0
1228499050_f0bb0237,1228499050,data/images/1228499050_f0bb0237.jpg,train,0,0,1
1228500267_f8c4ff04,1228500267,data/images/1228500267_f8c4ff04.jpg,train,0,1,0
1228503475_340cdf83,1228503475,data/images/1228503475_340cdf83.jpg,train,0,0,1
1228504217_1c6c2e75,1228504217,data/images/1228504217_1c6c2e75.jpg,train,1,0,0
1228511208_ce334ebb,1228511208,data/images/1228511208_ce334ebb.jpg,train,1,0,0
1228511557_70d12d68,1228511557,data/images/1228511557_70d12d68.jpg,train,1,1,0
1228513332_f3dc073b,1228513332,data/images/1228513332_f3dc073b.jpg,train,0,0,1
1228518291_d5951345,1228518291,data/images/1228518291_d5951345.jpg,train,1,1,0
1228520781_fcab11d6,1228520781,data/images/1228520781_fcab11d6.jpg,train,0,0,1
1228523789_f5c627f7,1228523789,data/images/1228523789_f5c627f7.jpg,train,0,0,1
1228524510_8c568425,1228524510,data/images/1228524510_8c568425.jpg,train,1,1,0
1228528226_a528c76a,1228528226,data/images/1228528226_a528c76a.jpg,train,1,1,0
1228531028_2ed5df2c,1228531028,data/images/1228531028_2ed5df2c.jpg,train,1,1,0
1228532281_73d1ad20,1228532281,data/images/1228532281_73d1ad20.jpg,train,1,0,1
1228534877_433ca264,1228534877,data/images/1228534877_433ca264.jpg,train,1,1,0
1228537254_519bea6d,1228537254,data/images/1228537254_519bea6d.jpg,train,0,1,0
1228537333_59578f76,1228537333,data/images/1228537333_59578f76.jpg,train,1,1,0
1228537704_61849a1b,1228537704,data/images/1228537704_61849a1b.jpg,train,0,0,1
1228543475_23c4d137,1228543475,data/images/1228543475_23c4d137.jpg,train,1,1,0
1228545613_b26e1c4e,1228545613,data/images/1228545613_b26e1c4e.jpg,train,1,1,0
1228546540_3319cecb,1228546540,data/images/1228546540_3319cecb.jpg,train,0,1,0
1228546822_95d5a1b0,1228546822,data/images/1228546822_95d5a1b0.jpg,train,1,1,0
1228554596_3ce8e6a8,1228554596,data/images/1228554596_3ce8e6a8.jpg,train,0,1,0
1228555418_62116dc1,1228555418,data/images/1228555418_62116dc1.jpg,train,0,0,1
1228563812_be341e5f,1228563812,data/images/1228563812_be341e5f.jpg,train,0,1,0
1228566478_ab5fa7f6,1228566478,data/images/1228566478_ab5fa7f6.jpg,train,0,0,0
1228570961_595d75cc,1228570961,data/images/1228570961_595d75cc.jpg,train,0,0,1
1228571082_f1f37db0,1228571082,data/images/1228571082_f1f37db0.jpg,train,0,0,1
1228572620_d6e8dc8b,1228572620,data/images/1228572620_d6e8dc8b.jpg,train,0,1,0
1228573112_aaa0235f,1228573112,data/images/1228573112_aaa0235f.jpg,train,0,0,1
1228575446_c3b8c199,1228575446,data/images/1228575446_c3b8c199.jpg,train,0,1,0
1228579031_11d58aa5,1228579031,data/images/1228579031_11d58aa5.jpg,train,1,1,0
1228581179_4de4a363,1228581179,data/images/1228581179_4de4a363.jpg,train,0,0,1
1228585302_f204d25d,1228585302,data/images/1228585302_f204d25d.jpg,train,0,0,1
1228586440_3caa8f92,1228586440,data/images/1228586440_3caa8f92.jpg,train,0,0,1
1228588326_6bd9ca5b,1228588326,data/images/1228588326_6bd9ca5b.jpg,train,1,0,0
1228588850_157191d9,1228588850,data/images/1228588850_157191d9.jpg,train,1,0,0
1228590883_d47d91fe,1228590883,data/images/1228590883_d47d91fe.jpg,train,0,0,1
1228591147_aed5f923,1228591147,data/images/1228591147_aed5f923.jpg,train,0,0,1
1228594707_4eefc516,1228594707,data/images/1228594707_4eefc516.jpg,train,0,1,0
1228597438_222425f6,1228597438,data/images/1228597438_222425f6.jpg,train,1,1,0
1228598471_34960c5f,1228598471,data/images/1228598471_34960c5f.jpg,train,0,0,1
1228599915_48e2bfbe,1228599915,data/images/1228599915_48e2bfbe.jpg,train,1,1,0
1228600847_8f63777a,1228600847,data/images/1228600847_8f63777a.jpg,train,0,0,0
1228601227_94771070,1228601227,data/images/1228601227_94771070.jpg,train,0,0,0
1228606509_c25d737f,1228606509,data/images/1228606509_c25d737f.jpg,train,0,0,0
1228606605_da48ce91,1228606605,data/images/1228606605_da48ce91.jpg,train,1,0,0
1228607539_507ad887,1228607539,data/images/1228607539_507ad887.jpg,train,1,1,0
1228608959_6febe9b5,1228608959,data/images/1228608959_6febe9b5.jpg,train,0,0,1
1228610193_b8506a14,1228610193,data/images/1228610193_b8506a14.jpg,train,0,1,1
1228610528_72b432c0,1228610528,data/images/1228610528_72b432c0.jpg,train,0,0,1
1228616175_70e68332,1228616175,data/images/1228616175_70e68332.jpg,train,1,1,0
1228617415_fee8fbc7,1228617415,data/images/1228617415_fee8fbc7.jpg,train,0,0,1
1228619889_ff065f85,1228619889,data/images/1228619889_ff065f85.jpg,train,1,1,0
1228629623_c32a5db2,1228629623,data/images/1228629623_c32a5db2.jpg,train,1,0,0
1228633603_2dc45231,1228633603,data/images/1228633603_2dc45231.jpg,train,0,1,0
1228633632_abe6a373,1228633632,data/images/1228633632_abe6a373.jpg,train,0,0,1
1228633805_36d724f6,1228633805,data/images/1228633805_36d724f6.jpg,train,1,0,0
1252639059_4ff312e3,1252639059,data/images/1252639059_4ff312e3.jpg,train,0,0,0
1252639530_c595a962,1252639530,data/images/1252639530_c595a962.jpg,train,0,0,0
1252639564_b4fcaa8d,1252639564,data/images/1252639564_b4fcaa8d.jpg,train,0,0,1
1252639568_24724fe0,1252639568,data/images/1252639568_24724fe0.jpg,train,0,0,1
1252639717_5b6e5f61,1252639717,data/images/1252639717_5b6e5f61.jpg,train,0,0,1
1252639863_7b0eea92,1252639863,data/images/1252639863_7b0eea92.jpg,train,0,0,0
1252639901_63b5b7c0,1252639901,data/images/1252639901_63b5b7c0.jpg,train,0,0,1
1252639985_604e92e8,1252639985,data/images/1252639985_604e92e8.jpg,train,1,1,0
1252640189_6a4d2321,1252640189,data/images/1252640189_6a4d2321.jpg,train,0,0,1
1252640249_16e6f169,1252640249,data/images/1252640249_16e6f169.jpg,train,0,1,0
1252640346_22fc3949,1252640346,data/images/1252640346_22fc3949.jpg,train,1,0,1
1252640515_be42e276,1252640515,data/images/1252640515_be42e276.jpg,train,0,1,0
1252640587_e835e0f8,1252640587,data/images/1252640587_e835e0f8.jpg,train,1,0,0
1252641117_86a758cb,1252641117,data/images/1252641117_86a758cb.jpg,train,0,1,0
1252641521_bb0e30dc,1252641521,data/images/1252641521_bb0e30dc.jpg,train,0,1,0
1252641607_4f8fa446,1252641607,data/images/1252641607_4f8fa446.jpg,train,0,1,0
1257719351_2d687e40,1257719351,data/images/1257719351_2d687e40.jpg,train,0,0,0
1257719351_8a0c23fc,1257719351,data/images/1257719351_8a0c23fc.jpg,train,0,0,0
1257725232_664bf1db,1257725232,data/images/1257725232_664bf1db.jpg,train,0,0,1
1257752035_5025642f,1257752035,data/images/1257752035_5025642f.jpg,train,1,1,0
1257752524_b3f86131,1257752524,data/images/1257752524_b3f86131.jpg,train,0,0,0
1258034987_f2a78032,1258034987,data/images/1258034987_f2a78032.jpg,train,1,0,0
1258744315_a278e183,1258744315,data/images/1258744315_a278e183.jpg,train,0,1,0
1260370761_77872b14,1260370761,data/images/1260370761_77872b14.jpg,train,1,1,0
1260487035_139a4dbe,1260487035,data/images/1260487035_139a4dbe.jpg,train,0,1,0
1262189051_3cb12ddf,1262189051,data/images/1262189051_3cb12ddf.jpg,train,1,1,0
1262189051_45869da3,1262189051,data/images/1262189051_45869da3.jpg,train,1,1,0
1262189066_dc6f3995,1262189066,data/images/1262189066_dc6f3995.jpg,train,0,0,1
1262189095_95a2eaf9,1262189095,data/images/1262189095_95a2eaf9.jpg,train,1,0,0
1265788845_f7536217,1265788845,data/images/1265788845_f7536217.jpg,train,0,0,1
1268699394_3bf3c5c2,1268699394,data/images/1268699394_3bf3c5c2.jpg,train,0,0,0
1423896297_a3d0609a,1423896297,data/images/1423896297_a3d0609a.jpg,train,1,1,0
1423907336_e5aac542,1423907336,data/images/1423907336_e5aac542.jpg,train,0,1,0
1423907447_de848129,1423907447,data/images/1423907447_de848129.jpg,train,0,0,1
1423912174_86735287,1423912174,data/images/1423912174_86735287.jpg,train,1,1,0
1423918845_79be3057,1423918845,data/images/1423918845_79be3057.jpg,train,1,1,0
1423918962_2631c8c5,1423918962,data/images/1423918962_2631c8c5.jpg,train,1,0,0
1423935786_eef727c0,1423935786,data/images/1423935786_eef727c0.jpg,train,1,0,0
1423936761_06c81cec,1423936761,data/images/1423936761_06c81cec.jpg,train,0,0,1
1423937587_b52a52d2,1423937587,data/images/1423937587_b52a52d2.jpg,train,0,0,1
1424047195_fbf2baa7,1424047195,data/images/1424047195_fbf2baa7.jpg,train,0,0,1
1424047276_b08141d8,1424047276,data/images/1424047276_b08141d8.jpg,train,1,0,0
1424047624_52253121,1424047624,data/images/1424047624_52253121.jpg,train,1,0,0
1424069296_da7d193c,1424069296,data/images/1424069296_da7d193c.jpg,train,0,0,1
1424069932_3c829084,1424069932,data/images/1424069932_3c829084.jpg,train,0,0,1
1424071770_2d039d21,1424071770,data/images/1424071770_2d039d21.jpg,train,1,0,0
1424072474_18470ba5,1424072474,data/images/1424072474_18470ba5.jpg,train,0,0,1
1424072713_1e1b73fb,1424072713,data/images/1424072713_1e1b73fb.jpg,train,1,1,0
1424073210_8f34eaa1,1424073210,data/images/1424073210_8f34eaa1.jpg,train,0,0,1
1424073572_1079d739,1424073572,data/images/1424073572_1079d739.jpg,train,1,0,0
1424074481_e9c785da,1424074481,data/images/1424074481_e9c785da.jpg,train,0,0,1
1424075646_20f6e620,1424075646,data/images/1424075646_20f6e620.jpg,train,1,0,0
1424077723_14f8abe8,1424077723,data/images/1424077723_14f8abe8.jpg,train,0,0,1
1424077846_fc79d658,1424077846,data/images/1424077846_fc79d658.jpg,train,0,0,0
1424078095_18c01a5e,1424078095,data/images/1424078095_18c01a5e.jpg,train,0,1,0
1424154518_16bf6931,1424154518,data/images/1424154518_16bf6931.jpg,train,0,0,1
1424155422_2026069a,1424155422,data/images/1424155422_2026069a.jpg,train,0,0,0
1424174514_bd57e5fe,1424174514,data/images/1424174514_bd57e5fe.jpg,train,0,0,1
1424174516_49285f74,1424174516,data/images/1424174516_49285f74.jpg,train,1,0,0
1424176060_ab7b7234,1424176060,data/images/1424176060_ab7b7234.jpg,train,0,0,1
1424214532_6b99640a,1424214532,data/images/1424214532_6b99640a.jpg,train,0,1,0
1424214727_10fd90a9,1424214727,data/images/1424214727_10fd90a9.jpg,train,0,0,1
1424235787_850506cd,1424235787,data/images/1424235787_850506cd.jpg,train,0,0,0
1424240144_42d3c857,1424240144,data/images/1424240144_42d3c857.jpg,train,0,0,0
1424260614_f2f2d99a,1424260614,data/images/1424260614_f2f2d99a.jpg,train,1,0,0
1424272050_4b654f73,1424272050,data/images/1424272050_4b654f73.jpg,train,1,0,0
1424272527_0d9ad9e5,1424272527,data/images/1424272527_0d9ad9e5.jpg,train,0,0,1
1424273678_29f260fe,1424273678,data/images/1424273678_29f260fe.jpg,train,0,0,0
1424281932_c0d70084,1424281932,data/images/1424281932_c0d70084.jpg,train,1,1,0
1424506170_05ce6e66,1424506170,data/images/1424506170_05ce6e66.jpg,train,1,0,0
1424512802_37c47a78,1424512802,data/images/1424512802_37c47a78.jpg,train,1,0,0
1424730491_c4e83e1a,1424730491,data/images/1424730491_c4e83e1a.jpg,train,0,1,0
1451068005_3370c557,1451068005,data/images/1451068005_3370c557.jpg,train,0,0,0
1451070489_7d9e18e1,1451070489,data/images/1451070489_7d9e18e1.jpg,train,1,1,0
1451071308_8afbb1dc,1451071308,data/images/1451071308_8afbb1dc.jpg,train,1,1,0
1451071498_c41dc4b6,1451071498,data/images/1451071498_c41dc4b6.jpg,train,0,1,1
1451072027_4f01a3db,1451072027,data/images/1451072027_4f01a3db.jpg,train,1,1,0
1451072082_14939a2e,1451072082,data/images/1451072082_14939a2e.jpg,train,1,0,1
1451072196_af7beba8,1451072196,data/images/1451072196_af7beba8.jpg,train,0,0,1
1451072677_0568ea37,1451072677,data/images/1451072677_0568ea37.jpg,train,0,1,0
1451072681_b1dc8b36,1451072681,data/images/1451072681_b1dc8b36.jpg,train,0,0,1
1451072728_f37bfdb4,1451072728,data/images/1451072728_f37bfdb4.jpg,train,0,0,1
1455706674_f80b4b44,1455706674,data/images/1455706674_f80b4b44.jpg,train,1,0,0
1503172780_e7a66c21,1503172780,data/images/1503172780_e7a66c21.jpg,train,0,0,1
1503179385_cbee711a,1503179385,data/images/1503179385_cbee711a.jpg,train,0,0,1
1503217827_3b3574f1,1503217827,data/images/1503217827_3b3574f1.jpg,train,0,0,1
1503218195_0477bc2d,1503218195,data/images/1503218195_0477bc2d.jpg,train,0,0,1
1503222730_b8454301,1503222730,data/images/1503222730_b8454301.jpg,train,0,0,1
1503245631_63ebfb8d,1503245631,data/images/1503245631_63ebfb8d.jpg,train,0,0,0
1632927911_dd9a545b,1632927911,data/images/1632927911_dd9a545b.jpg,train,0,0,1
1844893444_66e94426,1844893444,data/images/1844893444_66e94426.jpg,train,1,1,0
1913950246_acb9172f,1913950246,data/images/1913950246_acb9172f.jpg,train,0,1,0
1944820690_10804de4,1944820690,data/images/1944820690_10804de4.jpg,train,1,0,0
1944820690_9dbbc255,1944820690,data/images/1944820690_9dbbc255.jpg,train,1,1,0
1944820690_a7b3c3a4,1944820690,data/images/1944820690_a7b3c3a4.jpg,train,1,1,0
1944820690_d7a37de4,1944820690,data/images/1944820690_d7a37de4.jpg,train,1,1,0
2013909695_0875b3ff,2013909695,data/images/2013909695_0875b3ff.jpg,train,1,0,0
2242327546_860766b2,2242327546,data/images/2242327546_860766b2.jpg,train,0,0,1
2243333867_4f4523c0,2243333867,data/images/2243333867_4f4523c0.jpg,train,0,0,1
2270460616_1c43d37c,2270460616,data/images/2270460616_1c43d37c.jpg,train,0,0,1
2270465857_a691cd22,2270465857,data/images/2270465857_a691cd22.jpg,train,1,1,0
2270465857_a8ae37d7,2270465857,data/images/2270465857_a8ae37d7.jpg,train,1,1,0
2270466545_2cdd6423,2270466545,data/images/2270466545_2cdd6423.jpg,train,1,1,0
2270466587_2406f23c,2270466587,data/images/2270466587_2406f23c.jpg,train,0,1,0
2270467516_f8b2c641,2270467516,data/images/2270467516_f8b2c641.jpg,train,0,0,1
2270467551_ae056a28,2270467551,data/images/2270467551_ae056a28.jpg,train,1,1,0
2270467772_8f2a203a,2270467772,data/images/2270467772_8f2a203a.jpg,train,0,0,1
2270467861_1c72cde5,2270467861,data/images/2270467861_1c72cde5.jpg,train,1,1,0
2270468213_24f69562,2270468213,data/images/2270468213_24f69562.jpg,train,0,0,1
2270468819_1b5ba9c9,2270468819,data/images/2270468819_1b5ba9c9.jpg,train,0,0,1
2270469056_10d90783,2270469056,data/images/2270469056_10d90783.jpg,train,0,0,1
2270471959_f495a6ab,2270471959,data/images/2270471959_f495a6ab.jpg,train,0,1,0
2270473295_32625713,2270473295,data/images/2270473295_32625713.jpg,train,1,1,0
2270479292_62fe5395,2270479292,data/images/2270479292_62fe5395.jpg,train,1,0,0
2270480393_5dd0e53c,2270480393,data/images/2270480393_5dd0e53c.jpg,train,0,0,0
2270481606_1bb55916,2270481606,data/images/2270481606_1bb55916.jpg,train,0,0,1
2270481636_4350c731,2270481636,data/images/2270481636_4350c731.jpg,train,0,0,0
2270481865_0326bc1c,2270481865,data/images/2270481865_0326bc1c.jpg,train,0,0,1
2270482073_13f9e128,2270482073,data/images/2270482073_13f9e128.jpg,train,1,1,0
2270482123_e3aa6326,2270482123,data/images/2270482123_e3aa6326.jpg,train,1,1,0
2270482131_7f949b83,2270482131,data/images/2270482131_7f949b83.jpg,train,1,0,0
2270482395_cec5af86,2270482395,data/images/2270482395_cec5af86.jpg,train,0,0,1
2270482599_1de8df0c,2270482599,data/images/2270482599_1de8df0c.jpg,train,1,1,0
2270482864_bb9e603d,2270482864,data/images/2270482864_bb9e603d.jpg,train,0,0,0
2270483234_c3282f84,2270483234,data/images/2270483234_c3282f84.jpg,train,1,0,0
2270483234_c639e1bd,2270483234,data/images/2270483234_c639e1bd.jpg,train,1,0,0
2270483317_4cd996ed,2270483317,data/images/2270483317_4cd996ed.jpg,train,1,1,0
2270483334_b4930b13,2270483334,data/images/2270483334_b4930b13.jpg,train,0,0,1
2270483378_c058ee66,2270483378,data/images/2270483378_c058ee66.jpg,train,0,1,0
2270483623_1273a352,2270483623,data/images/2270483623_1273a352.jpg,train,0,0,0
2270483804_990deb66,2270483804,data/images/2270483804_990deb66.jpg,train,0,0,1
2270484104_ef702bb1,2270484104,data/images/2270484104_ef702bb1.jpg,train,1,1,0
2270494196_70f9408c,2270494196,data/images/2270494196_70f9408c.jpg,train,1,1,0
2270514874_0fe99323,2270514874,data/images/2270514874_0fe99323.jpg,train,1,1,0
2270515933_33ffa810,2270515933,data/images/2270515933_33ffa810.jpg,train,1,1,0
2270517175_f275e305,2270517175,data/images/2270517175_f275e305.jpg,train,1,0,0
2270517874_83d780a6,2270517874,data/images/2270517874_83d780a6.jpg,train,0,0,1
2270532198_e3d82ffc,2270532198,data/images/2270532198_e3d82ffc.jpg,train,0,0,0
2270533199_379771e3,2270533199,data/images/2270533199_379771e3.jpg,train,0,0,1
2270542494_faf4ed04,2270542494,data/images/2270542494_faf4ed04.jpg,train,0,0,0
2270543480_83f2535d,2270543480,data/images/2270543480_83f2535d.jpg,train,1,1,0
2270550072_3e16fee5,2270550072,data/images/2270550072_3e16fee5.jpg,train,0,0,1
2270554602_2392ac0b,2270554602,data/images/2270554602_2392ac0b.jpg,train,0,0,1
2270554602_c96e9485,2270554602,data/images/2270554602_c96e9485.jpg,train,0,0,1
2270556293_4dfffda9,2270556293,data/images/2270556293_4dfffda9.jpg,train,1,1,0
2270556427_934d570d,2270556427,data/images/2270556427_934d570d.jpg,train,0,0,0
2270556616_0be64a4c,2270556616,data/images/2270556616_0be64a4c.jpg,train,0,1,0
2270556616_31dd5027,2270556616,data/images/2270556616_31dd5027.jpg,train,0,1,0
2270557205_510bcc27,2270557205,data/images/2270557205_510bcc27.jpg,train,0,0,1
2270557747_eddf09b9,2270557747,data/images/2270557747_eddf09b9.jpg,train,0,0,1
2270557804_0b155c69,2270557804,data/images/2270557804_0b155c69.jpg,train,1,1,0
2270557824_788391a1,2270557824,data/images/2270557824_788391a1.jpg,train,0,0,1
2270558120_e7203da5,2270558120,data/images/2270558120_e7203da5.jpg,train,1,0,0
2270558153_d28fe3a7,2270558153,data/images/2270558153_d28fe3a7.jpg,train,0,1,0
2270558569_379ef738,2270558569,data/images/2270558569_379ef738.jpg,train,1,1,0
2270558914_b9357f38,2270558914,data/images/2270558914_b9357f38.jpg,train,1,0,0
2270558939_49200734,2270558939,data/images/2270558939_49200734.jpg,train,0,1,0
2270559364_5a47c717,2270559364,data/images/2270559364_5a47c717.jpg,train,0,0,1
2270559501_2eede15e,2270559501,data/images/2270559501_2eede15e.jpg,train,0,1,0
2270559619_869511a1,2270559619,data/images/2270559619_869511a1.jpg,train,0,0,1
2270560203_2437daa8,2270560203,data/images/2270560203_2437daa8.jpg,train,1,0,1
2270560267_908089b8,2270560267,data/images/2270560267_908089b8.jpg,train,0,1,1
2270561268_ca9619ce,2270561268,data/images/2270561268_ca9619ce.jpg,train,0,0,1
2270561513_51d03127,2270561513,data/images/2270561513_51d03127.jpg,train,0,0,1
2270562030_55581f60,2270562030,data/images/2270562030_55581f60.jpg,train,0,0,1
2270562389_c3fcfb9b,2270562389,data/images/2270562389_c3fcfb9b.jpg,train,0,1,0
2270563272_f337d471,2270563272,data/images/2270563272_f337d471.jpg,train,0,0,1
2270563982_e3805f07,2270563982,data/images/2270563982_e3805f07.jpg,train,0,0,1
2270564601_12f7a5bd,2270564601,data/images/2270564601_12f7a5bd.jpg,train,0,1,0
2270564876_ee0c026e,2270564876,data/images/2270564876_ee0c026e.jpg,train,0,1,0
2270565555_48445746,2270565555,data/images/2270565555_48445746.jpg,train,0,1,0
2270565563_e327e7be,2270565563,data/images/2270565563_e327e7be.jpg,train,1,0,0
2270568720_828e7c0f,2270568720,data/images/2270568720_828e7c0f.jpg,train,0,0,1
2270568720_a583e85c,2270568720,data/images/2270568720_a583e85c.jpg,train,0,0,1
2270573235_95608aaf,2270573235,data/images/2270573235_95608aaf.jpg,train,1,1,0
2270574601_0771269b,2270574601,data/images/2270574601_0771269b.jpg,train,0,0,1
2270580870_6684a548,2270580870,data/images/2270580870_6684a548.jpg,train,0,1,0
2270588329_5535c5ab,2270588329,data/images/2270588329_5535c5ab.jpg,train,1,1,0
2270588329_d448cfb0,2270588329,data/images/2270588329_d448cfb0.jpg,train,1,0,0
2270669346_e1dd0cbe,2270669346,data/images/2270669346_e1dd0cbe.jpg,train,1,1,0
2270669901_9347ab73,2270669901,data/images/2270669901_9347ab73.jpg,train,1,0,0
2270669966_49c11d1d,2270669966,data/images/2270669966_49c11d1d.jpg,train,1,1,0
2270670649_92b3054c,2270670649,data/images/2270670649_92b3054c.jpg,train,1,1,0
2270670680_bbb4ed5f,2270670680,data/images/2270670680_bbb4ed5f.jpg,train,0,1,0
2270671235_19d2b3b4,2270671235,data/images/2270671235_19d2b3b4.jpg,train,0,0,1
2270671617_b4f75301,2270671617,data/images/2270671617_b4f75301.jpg,train,1,1,0
2270672093_1f706f5c,2270672093,data/images/2270672093_1f706f5c.jpg,train,0,0,1
2270672110_2a33ef2c,2270672110,data/images/2270672110_2a33ef2c.jpg,train,0,0,1
2270672842_09030a05,2270672842,data/images/2270672842_09030a05.jpg,train,1,0,0
2270672842_4ff7131f,2270672842,data/images/2270672842_4ff7131f.jpg,train,1,0,0
2270673416_38263d2f,2270673416,data/images/2270673416_38263d2f.jpg,train,1,1,0
2270673608_c1a0662c,2270673608,data/images/2270673608_c1a0662c.jpg,train,1,1,0
2270673873_4cea5d21,2270673873,data/images/2270673873_4cea5d21.jpg,train,1,0,0
2270673912_9922f084,2270673912,data/images/2270673912_9922f084.jpg,train,0,0,1
2270673912_dad3bae7,2270673912,data/images/2270673912_dad3bae7.jpg,train,0,0,1
2270674026_4af413a7,2270674026,data/images/2270674026_4af413a7.jpg,train,0,1,0
2270674038_9cabd1b1,2270674038,data/images/2270674038_9cabd1b1.jpg,train,1,1,0
2270674063_34b23c64,2270674063,data/images/2270674063_34b23c64.jpg,train,0,1,0
2270674120_4924985c,2270674120,data/images/2270674120_4924985c.jpg,train,1,1,0
2270674145_473c899d,2270674145,data/images/2270674145_473c899d.jpg,train,0,1,1
2270674345_a7ebf667,2270674345,data/images/2270674345_a7ebf667.jpg,train,1,1,0
2270674623_e1ca51db,2270674623,data/images/2270674623_e1ca51db.jpg,train,0,0,1
2270674660_5e9cc76d,2270674660,data/images/2270674660_5e9cc76d.jpg,train,0,0,1
2270674885_3b24be58,2270674885,data/images/2270674885_3b24be58.jpg,train,0,0,1
2270674902_aaf2b459,2270674902,data/images/2270674902_aaf2b459.jpg,train,1,1,0
2270674922_12f0457a,2270674922,data/images/2270674922_12f0457a.jpg,train,1,0,0
2270674993_27e248fc,2270674993,data/images/2270674993_27e248fc.jpg,train,1,1,0
2270675048_15a0cb58,2270675048,data/images/2270675048_15a0cb58.jpg,train,1,1,0
2270675082_ce51a6ae,2270675082,data/images/2270675082_ce51a6ae.jpg,train,0,1,0
2270675152_fb53269b,2270675152,data/images/2270675152_fb53269b.jpg,train,0,0,1
2270675205_9fdbb6bc,2270675205,data/images/2270675205_9fdbb6bc.jpg,train,1,1,0
2270675291_45f98c09,2270675291,data/images/2270675291_45f98c09.jpg,train,1,0,0
2270675317_057446e9,2270675317,data/images/2270675317_057446e9.jpg,train,0,1,0
2270675317_9c52001e,2270675317,data/images/2270675317_9c52001e.jpg,train,1,1,0
2270675317_fcee8d47,2270675317,data/images/2270675317_fcee8d47.jpg,train,1,1,0
2270675477_0d0c2e9e,2270675477,data/images/2270675477_0d0c2e9e.jpg,train,0,0,1
2270675512_2ea2f722,2270675512,data/images/2270675512_2ea2f722.jpg,train,0,0,1
2270675611_4a5f9e73,2270675611,data/images/2270675611_4a5f9e73.jpg,train,0,1,0
2270675692_16bb895f,2270675692,data/images/2270675692_16bb895f.jpg,train,0,0,1
2270675731_d4b31fb2,2270675731,data/images/2270675731_d4b31fb2.jpg,train,1,0,0
2270675781_26cfdbb9,2270675781,data/images/2270675781_26cfdbb9.jpg,train,1,1,0
2270675792_c05bd97a,2270675792,data/images/2270675792_c05bd97a.jpg,train,1,0,1
2270675935_0cfb3646,2270675935,data/images/2270675935_0cfb3646.jpg,train,1,1,0
2270675935_6751977d,2270675935,data/images/2270675935_6751977d.jpg,train,1,1,0
2270675958_898ea2f7,2270675958,data/images/2270675958_898ea2f7.jpg,train,1,1,0
2270675970_53d1bcd8,2270675970,data/images/2270675970_53d1bcd8.jpg,train,1,1,0
2270675970_fd9ce7c8,2270675970,data/images/2270675970_fd9ce7c8.jpg,train,1,1,0
2270676101_9e3ab121,2270676101,data/images/2270676101_9e3ab121.jpg,train,0,1,1
2270676142_769ffb95,2270676142,data/images/2270676142_769ffb95.jpg,train,1,1,1
2270676272_7f3596c7,2270676272,data/images/2270676272_7f3596c7.jpg,train,0,0,1
2270676272_e52f5c1f,2270676272,data/images/2270676272_e52f5c1f.jpg,train,0,0,1
2270676272_fd1d8a3c,2270676272,data/images/2270676272_fd1d8a3c.jpg,train,0,0,1
2270676296_bd343377,2270676296,data/images/2270676296_bd343377.jpg,train,0,0,0
2270676386_f8bda1d0,2270676386,data/images/2270676386_f8bda1d0.jpg,train,1,1,0
2270676408_3e4de4bf,2270676408,data/images/2270676408_3e4de4bf.jpg,train,0,0,0
2270676411_6572de6b,2270676411,data/images/2270676411_6572de6b.jpg,train,1,1,0
2270676638_80ae9e8e,2270676638,data/images/2270676638_80ae9e8e.jpg,train,0,0,1
2270676674_a0546fcf,2270676674,data/images/2270676674_a0546fcf.jpg,train,1,1,0
2270676694_05f8b605,2270676694,data/images/2270676694_05f8b605.jpg,train,0,0,1
2270676985_4d93762d,2270676985,data/images/2270676985_4d93762d.jpg,train,1,1,0
2270677008_95652e79,2270677008,data/images/2270677008_95652e79.jpg,train,1,0,0
2270677057_b51009cd,2270677057,data/images/2270677057_b51009cd.jpg,train,1,1,0
2270677445_7cc4e147,2270677445,data/images/2270677445_7cc4e147.jpg,train,0,0,1
2270677486_c82c7561,2270677486,data/images/2270677486_c82c7561.jpg,train,0,1,0
2270677506_7f17e79f,2270677506,data/images/2270677506_7f17e79f.jpg,train,1,1,0
2270677573_d30dc705,2270677573,data/images/2270677573_d30dc705.jpg,train,1,0,0
2270677641_2ba972c4,2270677641,data/images/2270677641_2ba972c4.jpg,train,1,0,0
2270677757_f8e49131,2270677757,data/images/2270677757_f8e49131.jpg,train,0,0,1
2270677891_6b9a6b36,2270677891,data/images/2270677891_6b9a6b36.jpg,train,0,0,0
2270677985_80487a5b,2270677985,data/images/2270677985_80487a5b.jpg,train,1,0,0
2270678109_de3d1c8d,2270678109,data/images/2270678109_de3d1c8d.jpg,train,1,0,0
2270678237_89bc0c1d,2270678237,data/images/2270678237_89bc0c1d.jpg,train,1,0,0
2270678325_6c44c558,2270678325,data/images/2270678325_6c44c558.jpg,train,1,0,0
2270678369_22f7fd39,2270678369,data/images/2270678369_22f7fd39.jpg,train,0,1,0
2270678479_542be180,2270678479,data/images/2270678479_542be180.jpg,train,0,0,0
2270678828_0e248599,2270678828,data/images/2270678828_0e248599.jpg,train,1,0,0
2270678851_e261c558,2270678851,data/images/2270678851_e261c558.jpg,train,0,1,0
2270678940_27c67b2d,2270678940,data/images/2270678940_27c67b2d.jpg,train,1,1,0
2270679102_75a87e6c,2270679102,data/images/2270679102_75a87e6c.jpg,train,1,1,0
2270679111_0a6951d4,2270679111,data/images/2270679111_0a6951d4.jpg,train,1,0,0
2270679137_2bb97621,2270679137,data/images/2270679137_2bb97621.jpg,train,1,0,0
2270679236_726e6329,2270679236,data/images/2270679236_726e6329.jpg,train,1,0,0
2270679362_4aa89c40,2270679362,data/images/2270679362_4aa89c40.jpg,train,1,1,0
2270679391_d423d431,2270679391,data/images/2270679391_d423d431.jpg,train,1,0,0
2270679521_1ad11490,2270679521,data/images/2270679521_1ad11490.jpg,train,1,0,0
2270679521_d33425a6,2270679521,data/images/2270679521_d33425a6.jpg,train,1,0,0
2270680154_c4fd9e78,2270680154,data/images/2270680154_c4fd9e78.jpg,train,0,0,1
2270680231_f07dbbe4,2270680231,data/images/2270680231_f07dbbe4.jpg,train,1,1,0
2270680660_7e4344c2,2270680660,data/images/2270680660_7e4344c2.jpg,train,1,0,0
2270681069_89d93cd6,2270681069,data/images/2270681069_89d93cd6.jpg,train,0,0,1
2270681458_9b8ed7ea,2270681458,data/images/2270681458_9b8ed7ea.jpg,train,1,1,0
2270681458_c7936433,2270681458,data/images/2270681458_c7936433.jpg,train,1,1,1
2270682108_6c0f3d91,2270682108,data/images/2270682108_6c0f3d91.jpg,train,0,0,1
2270682284_70e983e3,2270682284,data/images/2270682284_70e983e3.jpg,train,0,1,0
2270682371_0265e308,2270682371,data/images/2270682371_0265e308.jpg,train,1,1,0
2270682475_9d064498,2270682475,data/images/2270682475_9d064498.jpg,train,0,0,1
2270682586_f6cfbcdb,2270682586,data/images/2270682586_f6cfbcdb.jpg,train,1,0,0
2270682634_c33e6c83,2270682634,data/images/2270682634_c33e6c83.jpg,train,1,0,0
2270682637_6f85ec30,2270682637,data/images/2270682637_6f85ec30.jpg,train,0,0,1
2270683486_9606ede4,2270683486,data/images/2270683486_9606ede4.jpg,train,0,0,1
2270683493_c7ff3ae2,2270683493,data/images/2270683493_c7ff3ae2.jpg,train,0,0,0
2270683924_0931ef0f,2270683924,data/images/2270683924_0931ef0f.jpg,train,1,1,0
2270684051_d99da6be,2270684051,data/images/2270684051_d99da6be.jpg,train,1,0,0
2270684614_a3f3a1bd,2270684614,data/images/2270684614_a3f3a1bd.jpg,train,0,1,0
2270684776_f1793a30,2270684776,data/images/2270684776_f1793a30.jpg,train,1,0,0
2270684963_8daa3899,2270684963,data/images/2270684963_8daa3899.jpg,train,0,0,1
2270684995_216ab21e,2270684995,data/images/2270684995_216ab21e.jpg,train,0,1,0
2270685114_81092842,2270685114,data/images/2270685114_81092842.jpg,train,1,0,0
2270685766_b911d603,2270685766,data/images/2270685766_b911d603.jpg,train,0,0,1
2270685826_ca9f64c6,2270685826,data/images/2270685826_ca9f64c6.jpg,train,0,0,1
2270685826_fc9b1583,2270685826,data/images/2270685826_fc9b1583.jpg,train,0,0,1
2270685942_64a4dac6,2270685942,data/images/2270685942_64a4dac6.jpg,train,0,0,1
2270686361_71ec938f,2270686361,data/images/2270686361_71ec938f.jpg,train,1,0,0
2270686667_66102ae8,2270686667,data/images/2270686667_66102ae8.jpg,train,0,0,1
2270686952_8d5d9d4e,2270686952,data/images/2270686952_8d5d9d4e.jpg,train,0,1,0
2270686952_b7c76385,2270686952,data/images/2270686952_b7c76385.jpg,train,0,1,0
2270687292_47edba6d,2270687292,data/images/2270687292_47edba6d.jpg,train,1,0,0
2270688479_47e38468,2270688479,data/images/2270688479_47e38468.jpg,train,0,0,1
2270690266_590f05ad,2270690266,data/images/2270690266_590f05ad.jpg,train,0,1,1
2270690454_fcb5d184,2270690454,data/images/2270690454_fcb5d184.jpg,train,1,1,0
2270691929_0d155480,2270691929,data/images/2270691929_0d155480.jpg,train,0,0,0
2270692487_ce65c13b,2270692487,data/images/2270692487_ce65c13b.jpg,train,1,1,0
2270692568_06a00ca7,2270692568,data/images/2270692568_06a00ca7.jpg,train,0,1,0
2270701342_1d20a531,2270701342,data/images/2270701342_1d20a531.jpg,train,0,1,0
2284428680_086425c1,2284428680,data/images/2284428680_086425c1.jpg,train,1,1,0
2312219213_d308a150,2312219213,data/images/2312219213_d308a150.jpg,train,1,0,0
2575940010_4eadca75,2575940010,data/images/2575940010_4eadca75.jpg,train,0,1,0
2618307358_707ab24c,2618307358,data/images/2618307358_707ab24c.jpg,train,0,0,1
2618319362_0f5a8a3d,2618319362,data/images/2618319362_0f5a8a3d.jpg,train,0,0,1
2884934350_03a44d99,2884934350,data/images/2884934350_03a44d99.jpg,train,0,0,0
2884934481_5bad03ef,2884934481,data/images/2884934481_5bad03ef.jpg,train,0,0,0
2884934481_76bcd20e,2884934481,data/images/2884934481_76bcd20e.jpg,train,0,0,0
2992943332_ed5a0df5,2992943332,data/images/2992943332_ed5a0df5.jpg,train,1,0,0
3331274305_30075b47,3331274305,data/images/3331274305_30075b47.jpg,train,0,1,0
3342711326_f3f38649,3342711326,data/images/3342711326_f3f38649.jpg,train,1,0,0
3342725349_3933678c,3342725349,data/images/3342725349_3933678c.jpg,train,1,1,0
3413872343_88063980,3413872343,data/images/3413872343_88063980.jpg,train,0,0,0
3704813306_ea298738,3704813306,data/images/3704813306_ea298738.jpg,train,1,1,0
3704822476_2e8d5ccf,3704822476,data/images/3704822476_2e8d5ccf.jpg,train,0,0,1
3762893483_120f5279,3762893483,data/images/3762893483_120f5279.jpg,train,0,0,0
3802866358_f5a8b948,3802866358,data/images/3802866358_f5a8b948.jpg,train,0,0,1
3802879392_f6c43292,3802879392,data/images/3802879392_f6c43292.jpg,train,1,1,0
3912825461_57b5570c,3912825461,data/images/3912825461_57b5570c.jpg,train,0,0,1
3912828889_169e7784,3912828889,data/images/3912828889_169e7784.jpg,train,1,0,0
3912830390_1d40d676,3912830390,data/images/3912830390_1d40d676.jpg,train,1,1,0
3968357331_551fdab4,3968357331,data/images/3968357331_551fdab4.jpg,train,0,0,1
3994742322_05097327,3994742322,data/images/3994742322_05097327.jpg,train,1,1,0
4079375432_4cc7b1c3,4079375432,data/images/4079375432_4cc7b1c3.jpg,train,1,1,0
4131126359_0f421dff,4131126359,data/images/4131126359_0f421dff.jpg,train,1,0,0
4131131361_8cdbdbe8,4131131361,data/images/4131131361_8cdbdbe8.jpg,train,1,1,0
4441038633_168c0a63,4441038633,data/images/4441038633_168c0a63.jpg,train,0,0,0
4441038633_9b50b66d,4441038633,data/images/4441038633_9b50b66d.jpg,train,1,1,0
4441038633_ed79ad37,4441038633,data/images/4441038633_ed79ad37.jpg,train,1,1,0
4519375712_70dc61b2,4519375712,data/images/4519375712_70dc61b2.jpg,train,0,1,0
4519379709_2ba286c4,4519379709,data/images/4519379709_2ba286c4.jpg,train,0,0,1
4519381793_a0572336,4519381793,data/images/4519381793_a0572336.jpg,train,1,0,0
4519384973_e156ad89,4519384973,data/images/4519384973_e156ad89.jpg,train,1,0,0
4519386314_2d1bcbdf,4519386314,data/images/4519386314_2d1bcbdf.jpg,train,1,1,0
4519387519_4419eb99,4519387519,data/images/4519387519_4419eb99.jpg,train,0,0,0
4519388980_57913f9b,4519388980,data/images/4519388980_57913f9b.jpg,train,0,0,1
4519388987_aa9ea990,4519388987,data/images/4519388987_aa9ea990.jpg,train,0,1,0
4519390964_d25e7f7a,4519390964,data/images/4519390964_d25e7f7a.jpg,train,1,0,0
4519392798_62aed457,4519392798,data/images/4519392798_62aed457.jpg,train,0,0,1
4519392981_f72e7f64,4519392981,data/images/4519392981_f72e7f64.jpg,train,1,0,0
4519393355_de511b43,4519393355,data/images/4519393355_de511b43.jpg,train,0,0,1
4519393816_1acbd235,4519393816,data/images/4519393816_1acbd235.jpg,train,0,0,1
4519394015_ae1b8fc1,4519394015,data/images/4519394015_ae1b8fc1.jpg,train,0,0,0
4519397163_0398018d,4519397163,data/images/4519397163_0398018d.jpg,train,1,0,0
4519397168_11535e66,4519397168,data/images/4519397168_11535e66.jpg,train,0,0,1
4519397170_3f4ef5fc,4519397170,data/images/4519397170_3f4ef5fc.jpg,train,0,0,1
4519398185_687e953e,4519398185,data/images/4519398185_687e953e.jpg,train,1,0,0
4519402199_66294d43,4519402199,data/images/4519402199_66294d43.jpg,train,0,1,0
4537176554_e246156d,4537176554,data/images/4537176554_e246156d.jpg,train,0,0,1
4858955111_88088edc,4858955111,data/images/4858955111_88088edc.jpg,train,0,0,1
4866496705_f14ad948,4866496705,data/images/4866496705_f14ad948.jpg,train,1,0,0
4873790710_e2807fb4,4873790710,data/images/4873790710_e2807fb4.jpg,train,0,0,1
4911256750_113fb936,4911256750,data/images/4911256750_113fb936.jpg,train,1,0,0
4920369531_cafc70dd,4920369531,data/images/4920369531_cafc70dd.jpg,train,1,1,0
4952030706_59369df4,4952030706,data/images/4952030706_59369df4.jpg,train,0,1,0
4954084349_dbe00242,4954084349,data/images/4954084349_dbe00242.jpg,train,1,1,0
4975175699_6c4ea67f,4975175699,data/images/4975175699_6c4ea67f.jpg,train,1,1,0
4986793893_7949d428,4986793893,data/images/4986793893_7949d428.jpg,train,0,0,1
4986795913_1586edd1,4986795913,data/images/4986795913_1586edd1.jpg,train,1,0,0
4996967156_abb7221b,4996967156,data/images/4996967156_abb7221b.jpg,train,0,1,0
5028716875_502144f7,5028716875,data/images/5028716875_502144f7.jpg,train,0,0,1
5060678667_9aeb61ee,5060678667,data/images/5060678667_9aeb61ee.jpg,train,1,1,0
5070651712_69af91bf,5070651712,data/images/5070651712_69af91bf.jpg,train,0,0,1
5070652477_925a800a,5070652477,data/images/5070652477_925a800a.jpg,train,0,1,0
5072753649_e885d06e,5072753649,data/images/5072753649_e885d06e.jpg,train,0,0,1
5132688367_0c5e2c83,5132688367,data/images/5132688367_0c5e2c83.jpg,train,0,1,0
5867701612_7cca3edc,5867701612,data/images/5867701612_7cca3edc.jpg,train,0,0,1
5867702584_8b041a7f,5867702584,data/images/5867702584_8b041a7f.jpg,train,0,1,0
5867704090_1ebc3a77,5867704090,data/images/5867704090_1ebc3a77.jpg,train,1,0,0
5872157387_2917da02,5872157387,data/images/5872157387_2917da02.jpg,train,0,1,0
5872157516_79148257,5872157516,data/images/5872157516_79148257.jpg,train,1,1,0
5872157572_c08214e4,5872157572,data/images/5872157572_c08214e4.jpg,train,0,1,0
5872157587_b748f0f3,5872157587,data/images/5872157587_b748f0f3.jpg,train,0,0,0
5872157661_4444dfa9,5872157661,data/images/5872157661_4444dfa9.jpg,train,1,0,0
5872157693_7f4bea41,5872157693,data/images/5872157693_7f4bea41.jpg,train,0,0,0
5872157764_92a1405e,5872157764,data/images/5872157764_92a1405e.jpg,train,1,1,0
5872184941_227d9ae1,5872184941,data/images/5872184941_227d9ae1.jpg,train,0,0,0
6392814585_ed3f4869,6392814585,data/images/6392814585_ed3f4869.jpg,train,0,1,0
6392814775_df3b4df4,6392814775,data/images/6392814775_df3b4df4.jpg,train,1,1,0
6392814885_5d688b5d,6392814885,data/images/6392814885_5d688b5d.jpg,train,0,1,0
6392815134_2545fec7,6392815134,data/images/6392815134_2545fec7.jpg,train,0,1,0
6392815172_55a42f52,6392815172,data/images/6392815172_55a42f52.jpg,train,1,0,0
6392815471_ac676a88,6392815471,data/images/6392815471_ac676a88.jpg,train,1,1,0
6392815748_7c9018d0,6392815748,data/images/6392815748_7c9018d0.jpg,train,1,1,0
6392820551_94c33745,6392820551,data/images/6392820551_94c33745.jpg,train,0,1,0
6392820774_e5098b14,6392820774,data/images/6392820774_e5098b14.jpg,train,0,0,1
6392821629_eee5f3bc,6392821629,data/images/6392821629_eee5f3bc.jpg,train,0,1,0
6392821649_63a165ce,6392821649,data/images/6392821649_63a165ce.jpg,train,1,1,0
6392821665_131cb7c7,6392821665,data/images/6392821665_131cb7c7.jpg,train,1,0,0
6392822470_d185e10d,6392822470,data/images/6392822470_d185e10d.jpg,train,0,0,1
912079325_4d47e494,912079325,data/images/912079325_4d47e494.jpg,train,1,1,0
912079354_a2f2edbe,912079354,data/images/912079354_a2f2edbe.jpg,train,1,1,0
912079454_e6b0758b,912079454,data/images/912079454_e6b0758b.jpg,train,0,1,0
912079497_7afebf9b,912079497,data/images/912079497_7afebf9b.jpg,train,0,0,1
912079512_221f3c8d,912079512,data/images/912079512_221f3c8d.jpg,train,0,0,1
912079539_81b48f1d,912079539,data/images/912079539_81b48f1d.jpg,train,0,0,1
912079937_24ef81d3,912079937,data/images/912079937_24ef81d3.jpg,train,1,1,1
912088666_db891ebc,912088666,data/images/912088666_db891ebc.jpg,train,0,0,1
912092505_7665dd87,912092505,data/images/912092505_7665dd87.jpg,train,1,0,0
912092620_83b2b778,912092620,data/images/912092620_83b2b778.jpg,train,1,1,0
912092757_caa7cb24,912092757,data/images/912092757_caa7cb24.jpg,train,0,0,1
912092776_84bc0cf6,912092776,data/images/912092776_84bc0cf6.jpg,train,1,0,0
912232869_8b4b20bd,912232869,data/images/912232869_8b4b20bd.jpg,train,1,0,0
912232948_ffb663c9,912232948,data/images/912232948_ffb663c9.jpg,train,1,1,0
912233143_d4849ccb,912233143,data/images/912233143_d4849ccb.jpg,train,1,0,0
912233149_9b66f637,912233149,data/images/912233149_9b66f637.jpg,train,1,1,0
912233290_ef91b2e3,912233290,data/images/912233290_ef91b2e3.jpg,train,0,0,1
912233293_051ec146,912233293,data/images/912233293_051ec146.jpg,train,1,0,0
912233328_ee48b792,912233328,data/images/912233328_ee48b792.jpg,train,1,1,0
912233457_63019694,912233457,data/images/912233457_63019694.jpg,train,1,0,0
912233708_528736b2,912233708,data/images/912233708_528736b2.jpg,train,1,1,0
912233734_88078aaa,912233734,data/images/912233734_88078aaa.jpg,train,1,0,0
912285478_abb55a86,912285478,data/images/912285478_abb55a86.jpg,train,0,0,0
912285622_0026fabc,912285622,data/images/912285622_0026fabc.jpg,train,0,1,0
912285719_c07948dd,912285719,data/images/912285719_c07948dd.jpg,train,0,0,1
912285867_e646a4af,912285867,data/images/912285867_e646a4af.jpg,train,0,0,1
912285879_7e2c3845,912285879,data/images/912285879_7e2c3845.jpg,train,1,1,0
912285927_58650093,912285927,data/images/912285927_58650093.jpg,train,0,1,0
912285953_a40f0064,912285953,data/images/912285953_a40f0064.jpg,train,1,0,0
912285979_0e947adb,912285979,data/images/912285979_0e947adb.jpg,train,0,1,0
912285993_c780da8d,912285993,data/images/912285993_c780da8d.jpg,train,0,0,1
912286072_78aa805c,912286072,data/images/912286072_78aa805c.jpg,train,1,1,0
912286111_439231f3,912286111,data/images/912286111_439231f3.jpg,train,1,1,0
912286600_0353368d,912286600,data/images/912286600_0353368d.jpg,train,1,1,0
912286973_538fa7ca,912286973,data/images/912286973_538fa7ca.jpg,train,0,0,1
912287023_d3fef05e,912287023,data/images/912287023_d3fef05e.jpg,train,1,1,0
912287035_53acf9a4,912287035,data/images/912287035_53acf9a4.jpg,train,1,1,0
912287074_1e9281a2,912287074,data/images/912287074_1e9281a2.jpg,train,0,0,0
912287173_ec42da42,912287173,data/images/912287173_ec42da42.jpg,train,1,1,0
912287196_0cc1779b,912287196,data/images/912287196_0cc1779b.jpg,train,0,0,1
912287295_3f80bfc9,912287295,data/images/912287295_3f80bfc9.jpg,train,0,1,0
912287352_0d8cae9c,912287352,data/images/912287352_0d8cae9c.jpg,train,1,0,0
912287393_48f33e87,912287393,data/images/912287393_48f33e87.jpg,train,1,1,0
912287424_e9a7667e,912287424,data/images/912287424_e9a7667e.jpg,train,1,0,0
912287483_cc71bb5d,912287483,data/images/912287483_cc71bb5d.jpg,train,0,0,1
912287500_99c2a546,912287500,data/images/912287500_99c2a546.jpg,train,0,0,1
912287519_65ef15b8,912287519,data/images/912287519_65ef15b8.jpg,train,0,1,1
912287582_f9649d7d,912287582,data/images/912287582_f9649d7d.jpg,train,0,0,1
912287655_9f309dc5,912287655,data/images/912287655_9f309dc5.jpg,train,0,0,1
912287675_f17d74f6,912287675,data/images/912287675_f17d74f6.jpg,train,1,1,0
912287684_2fe6f367,912287684,data/images/912287684_2fe6f367.jpg,train,0,1,0
912287716_8ce048fc,912287716,data/images/912287716_8ce048fc.jpg,train,1,1,0
912287790_8f021c20,912287790,data/images/912287790_8f021c20.jpg,train,1,1,0
912287855_689d9cef,912287855,data/images/912287855_689d9cef.jpg,train,0,0,1
912292898_ebacc71b,912292898,data/images/912292898_ebacc71b.jpg,train,1,0,0
912293658_024ed297,912293658,data/images/912293658_024ed297.jpg,train,1,1,0
912293711_e355459e,912293711,data/images/912293711_e355459e.jpg,train,1,1,0
912293735_760205f4,912293735,data/images/912293735_760205f4.jpg,train,1,0,0
912293753_952fa401,912293753,data/images/912293753_952fa401.jpg,train,1,1,0
912293753_bd8c008c,912293753,data/images/912293753_bd8c008c.jpg,train,1,1,0
912293796_7554fd7a,912293796,data/images/912293796_7554fd7a.jpg,train,1,1,0
912293818_b60131e4,912293818,data/images/912293818_b60131e4.jpg,train,0,0,1
912293935_8e08716f,912293935,data/images/912293935_8e08716f.jpg,train,1,0,0
912293991_9f9f89b3,912293991,data/images/912293991_9f9f89b3.jpg,train,1,1,0
912294099_37c67d60,912294099,data/images/912294099_37c67d60.jpg,train,0,0,1
912294171_73d3ed2b,912294171,data/images/912294171_73d3ed2b.jpg,train,1,0,1
912294181_731302a2,912294181,data/images/912294181_731302a2.jpg,train,0,0,1
912294467_a6da5752,912294467,data/images/912294467_a6da5752.jpg,train,0,0,1
912294953_a9c812a8,912294953,data/images/912294953_a9c812a8.jpg,train,1,1,0
912294966_16d00281,912294966,data/images/912294966_16d00281.jpg,train,1,1,0
912294977_eff67dbd,912294977,data/images/912294977_eff67dbd.jpg,train,1,1,0
912295055_2609eb2c,912295055,data/images/912295055_2609eb2c.jpg,train,1,0,0
912295143_70c45310,912295143,data/images/912295143_70c45310.jpg,train,1,1,0
912399620_6598be58,912399620,data/images/912399620_6598be58.jpg,train,1,1,0
1228145641_203c5406,1228145641,data/images/1228145641_203c5406.jpg,val,0,0,0
1228154155_8b533189,1228154155,data/images/1228154155_8b533189.jpg,val,1,1,0
1228156979_50a92c3c,1228156979,data/images/1228156979_50a92c3c.jpg,val,0,0,1
1228159469_6bc67d74,1228159469,data/images/1228159469_6bc67d74.jpg,val,1,1,0
1228159469_a84103b7,1228159469,data/images/1228159469_a84103b7.jpg,val,1,1,0
1228163663_fb82af07,1228163663,data/images/1228163663_fb82af07.jpg,val,0,0,1
1228164702_d10aef83,1228164702,data/images/1228164702_d10aef83.jpg,val,1,0,0
1228172420_f90e487c,1228172420,data/images/1228172420_f90e487c.jpg,val,0,1,0
1228180989_ee269563,1228180989,data/images/1228180989_ee269563.jpg,val,1,1,0
1228181245_3123f2e8,1228181245,data/images/1228181245_3123f2e8.jpg,val,1,1,0
1228183617_38dcb1bd,1228183617,data/images/1228183617_38dcb1bd.jpg,val,0,0,1
1228197822_3ab18f76,1228197822,data/images/1228197822_3ab18f76.jpg,val,0,1,0
1228198583_247fa7ed,1228198583,data/images/1228198583_247fa7ed.jpg,val,0,0,1
1228205268_187e7ca9,1228205268,data/images/1228205268_187e7ca9.jpg,val,1,0,0
1228207442_2eda8792,1228207442,data/images/1228207442_2eda8792.jpg,val,0,1,0
1228208243_d8e79f1b,1228208243,data/images/1228208243_d8e79f1b.jpg,val,1,1,1
1228216619_b38bff18,1228216619,data/images/1228216619_b38bff18.jpg,val,0,1,0
1228237387_531c14c8,1228237387,data/images/1228237387_531c14c8.jpg,val,0,1,0
1228255627_a88804ca,1228255627,data/images/1228255627_a88804ca.jpg,val,1,0,0
1228296827_0fc1690f,1228296827,data/images/1228296827_0fc1690f.jpg,val,1,0,0
1228303841_db631d44,1228303841,data/images/1228303841_db631d44.jpg,val,1,0,0
1228320677_5db4c5b6,1228320677,data/images/1228320677_5db4c5b6.jpg,val,0,0,1
1228342763_586536ce,1228342763,data/images/1228342763_586536ce.jpg,val,1,1,0
1228356917_50ca0e13,1228356917,data/images/1228356917_50ca0e13.jpg,val,1,1,0
1228377502_eac1495a,1228377502,data/images/1228377502_eac1495a.jpg,val,1,0,0
1228386954_5c5153ba,1228386954,data/images/1228386954_5c5153ba.jpg,val,1,0,0
1228440784_ed961d7d,1228440784,data/images/1228440784_ed961d7d.jpg,val,1,0,0
1228447252_ffefb569,1228447252,data/images/1228447252_ffefb569.jpg,val,1,1,0
1228455595_4057d381,1228455595,data/images/1228455595_4057d381.jpg,val,1,1,0
1228463250_9b46824a,1228463250,data/images/1228463250_9b46824a.jpg,val,0,0,1
1228488289_73dd5c14,1228488289,data/images/1228488289_73dd5c14.jpg,val,1,1,0
1228490305_6c4affe2,1228490305,data/images/1228490305_6c4affe2.jpg,val,0,0,1
1228509877_e79c743c,1228509877,data/images/1228509877_e79c743c.jpg,val,0,1,1
1228526133_698d14c6,1228526133,data/images/1228526133_698d14c6.jpg,val,1,1,0
1228533041_59392e69,1228533041,data/images/1228533041_59392e69.jpg,val,0,0,0
1228536697_127ef542,1228536697,data/images/1228536697_127ef542.jpg,val,1,0,0
1228557894_a3e636b4,1228557894,data/images/1228557894_a3e636b4.jpg,val,0,0,1
1228574472_cfda7b9c,1228574472,data/images/1228574472_cfda7b9c.jpg,val,1,0,0
1228585309_c1317cf4,1228585309,data/images/1228585309_c1317cf4.jpg,val,1,1,0
1228588360_8774d7d2,1228588360,data/images/1228588360_8774d7d2.jpg,val,0,0,1
1228598499_aa69de9f,1228598499,data/images/1228598499_aa69de9f.jpg,val,1,1,0
1228613042_f50f0b6d,1228613042,data/images/1228613042_f50f0b6d.jpg,val,0,1,0
1228622247_f50733e8,1228622247,data/images/1228622247_f50733e8.jpg,val,1,1,0
1228633747_bcca5006,1228633747,data/images/1228633747_bcca5006.jpg,val,1,0,0
1252639598_2df5d657,1252639598,data/images/1252639598_2df5d657.jpg,val,0,1,0
1252640504_8472f550,1252640504,data/images/1252640504_8472f550.jpg,val,0,1,1
1252641017_49fb15b1,1252641017,data/images/1252641017_49fb15b1.jpg,val,0,0,1
1252641624_6cbd86e7,1252641624,data/images/1252641624_6cbd86e7.jpg,val,1,0,0
1252641916_37e141dd,1252641916,data/images/1252641916_37e141dd.jpg,val,0,1,0
1257751032_a25eebcc,1257751032,data/images/1257751032_a25eebcc.jpg,val,0,0,0
1260130904_6df444b5,1260130904,data/images/1260130904_6df444b5.jpg,val,0,1,0
1262191287_845304ec,1262191287,data/images/1262191287_845304ec.jpg,val,0,0,1
1424067601_db166a09,1424067601,data/images/1424067601_db166a09.jpg,val,0,0,1
1424073824_b2b7416c,1424073824,data/images/1424073824_b2b7416c.jpg,val,0,0,1
1424075799_95fb7a91,1424075799,data/images/1424075799_95fb7a91.jpg,val,1,1,0
1424077612_48590976,1424077612,data/images/1424077612_48590976.jpg,val,0,0,1
1424174629_780439bb,1424174629,data/images/1424174629_780439bb.jpg,val,0,0,1
1424205308_e575a16c,1424205308,data/images/1424205308_e575a16c.jpg,val,1,1,0
1424238828_5c5da555,1424238828,data/images/1424238828_5c5da555.jpg,val,1,1,0
1424491679_c72ef73a,1424491679,data/images/1424491679_c72ef73a.jpg,val,0,0,1
1451069692_a64d559c,1451069692,data/images/1451069692_a64d559c.jpg,val,0,1,0
1451071921_b0643c9a,1451071921,data/images/1451071921_b0643c9a.jpg,val,1,1,0
1451072686_45677b90,1451072686,data/images/1451072686_45677b90.jpg,val,0,1,0
1503255431_b01fa0fa,1503255431,data/images/1503255431_b01fa0fa.jpg,val,0,0,0
1987023920_e661206f,1987023920,data/images/1987023920_e661206f.jpg,val,1,0,0
2243334074_6ee760a7,2243334074,data/images/2243334074_6ee760a7.jpg,val,1,1,0
2270467464_8380299d,2270467464,data/images/2270467464_8380299d.jpg,val,0,0,1
2270467707_fb9a390e,2270467707,data/images/2270467707_fb9a390e.jpg,val,0,0,1
2270469568_ea4ba680,2270469568,data/images/2270469568_ea4ba680.jpg,val,0,1,0
2270472309_95fc95a2,2270472309,data/images/2270472309_95fc95a2.jpg,val,0,1,0
2270481421_1f7a9077,2270481421,data/images/2270481421_1f7a9077.jpg,val,0,0,1
2270484217_77d613bb,2270484217,data/images/2270484217_77d613bb.jpg,val,1,1,0
2270484743_5922c418,2270484743,data/images/2270484743_5922c418.jpg,val,1,0,0
2270512386_bfb6b13b,2270512386,data/images/2270512386_bfb6b13b.jpg,val,0,0,1
2270537084_33f3b57a,2270537084,data/images/2270537084_33f3b57a.jpg,val,0,1,0
2270543395_4ca2f874,2270543395,data/images/2270543395_4ca2f874.jpg,val,0,0,0
2270555641_2734523f,2270555641,data/images/2270555641_2734523f.jpg,val,0,0,0
2270558191_792fbb6a,2270558191,data/images/2270558191_792fbb6a.jpg,val,0,0,1
2270558774_7f71323c,2270558774,data/images/2270558774_7f71323c.jpg,val,1,1,0
2270559568_be7b40fa,2270559568,data/images/2270559568_be7b40fa.jpg,val,1,1,0
2270561698_e1c1029b,2270561698,data/images/2270561698_e1c1029b.jpg,val,0,0,1
2270562084_67f1e18d,2270562084,data/images/2270562084_67f1e18d.jpg,val,0,1,0
2270562281_b908b86a,2270562281,data/images/2270562281_b908b86a.jpg,val,0,0,1
2270564760_82dbd06c,2270564760,data/images/2270564760_82dbd06c.jpg,val,1,0,0
2270566017_aa6bbb83,2270566017,data/images/2270566017_aa6bbb83.jpg,val,1,0,0
2270566528_5e07d71c,2270566528,data/images/2270566528_5e07d71c.jpg,val,0,0,1
2270566813_6d33b447,2270566813,data/images/2270566813_6d33b447.jpg,val,1,1,0
2270572742_881a842f,2270572742,data/images/2270572742_881a842f.jpg,val,1,0,0
2270670380_78826482,2270670380,data/images/2270670380_78826482.jpg,val,1,1,0
2270671187_1a18be84,2270671187,data/images/2270671187_1a18be84.jpg,val,1,1,0
2270671187_f7ff085c,2270671187,data/images/2270671187_f7ff085c.jpg,val,1,0,0
2270673316_fd95f260,2270673316,data/images/2270673316_fd95f260.jpg,val,1,0,0
2270674363_c9e2226b,2270674363,data/images/2270674363_c9e2226b.jpg,val,0,1,0
2270674492_5e44deb5,2270674492,data/images/2270674492_5e44deb5.jpg,val,1,1,0
2270674625_71b61608,2270674625,data/images/2270674625_71b61608.jpg,val,1,1,0
2270674850_6d9cdf15,2270674850,data/images/2270674850_6d9cdf15.jpg,val,0,0,0
2270674901_d303da9b,2270674901,data/images/2270674901_d303da9b.jpg,val,1,1,0
2270674959_44682486,2270674959,data/images/2270674959_44682486.jpg,val,0,0,1
2270675286_d9b7b338,2270675286,data/images/2270675286_d9b7b338.jpg,val,0,0,1
2270676175_15d73e9d,2270676175,data/images/2270676175_15d73e9d.jpg,val,1,1,0
2270676495_f85e6856,2270676495,data/images/2270676495_f85e6856.jpg,val,0,0,1
2270676836_b8234429,2270676836,data/images/2270676836_b8234429.jpg,val,0,0,1
2270677379_ecd7ea95,2270677379,data/images/2270677379_ecd7ea95.jpg,val,0,1,0
2270677432_5be8dc0a,2270677432,data/images/2270677432_5be8dc0a.jpg,val,0,0,1
2270677600_42054354,2270677600,data/images/2270677600_42054354.jpg,val,1,0,0
2270677894_68fa8f88,2270677894,data/images/2270677894_68fa8f88.jpg,val,1,0,0
2270678122_eee4ecb5,2270678122,data/images/2270678122_eee4ecb5.jpg,val,1,1,0
2270678574_71aa8d84,2270678574,data/images/2270678574_71aa8d84.jpg,val,0,0,1
2270679018_adce1c97,2270679018,data/images/2270679018_adce1c97.jpg,val,1,0,0
2270680499_75620c04,2270680499,data/images/2270680499_75620c04.jpg,val,0,0,1
2270680994_af2ab830,2270680994,data/images/2270680994_af2ab830.jpg,val,1,0,1
2270682428_80602f4d,2270682428,data/images/2270682428_80602f4d.jpg,val,0,0,1
2270682428_944f81b6,2270682428,data/images/2270682428_944f81b6.jpg,val,0,0,1
2270683251_ca1cec3e,2270683251,data/images/2270683251_ca1cec3e.jpg,val,1,1,0
2270684017_9325f663,2270684017,data/images/2270684017_9325f663.jpg,val,0,0,1
2270684549_0050f968,2270684549,data/images/2270684549_0050f968.jpg,val,0,0,1
2270685191_03d71eab,2270685191,data/images/2270685191_03d71eab.jpg,val,0,1,0
2270685203_f4f53f12,2270685203,data/images/2270685203_f4f53f12.jpg,val,0,1,0
2270686385_b7245442,2270686385,data/images/2270686385_b7245442.jpg,val,0,1,0
3962866311_b79f41af,3962866311,data/images/3962866311_b79f41af.jpg,val,0,0,1
4519383824_f0c51fb4,4519383824,data/images/4519383824_f0c51fb4.jpg,val,1,0,0
4519387779_a35127fe,4519387779,data/images/4519387779_a35127fe.jpg,val,0,1,0
4519388154_973c88d2,4519388154,data/images/4519388154_973c88d2.jpg,val,0,0,1
4519390170_ad96a887,4519390170,data/images/4519390170_ad96a887.jpg,val,0,0,1
4519391983_046464ad,4519391983,data/images/4519391983_046464ad.jpg,val,0,0,1
4519393823_125fa748,4519393823,data/images/4519393823_125fa748.jpg,val,0,1,0
4519393997_3173359f,4519393997,data/images/4519393997_3173359f.jpg,val,0,0,1
4519398031_b6466151,4519398031,data/images/4519398031_b6466151.jpg,val,1,0,0
4866493517_c4e3d601,4866493517,data/images/4866493517_c4e3d601.jpg,val,0,0,0
4911257280_634585f6,4911257280,data/images/4911257280_634585f6.jpg,val,1,0,0
4975911726_b9ca98b3,4975911726,data/images/4975911726_b9ca98b3.jpg,val,0,0,0
5060685683_972fc44c,5060685683,data/images/5060685683_972fc44c.jpg,val,1,0,0
5100796422_b62e2706,5100796422,data/images/5100796422_b62e2706.jpg,val,0,0,0
5867705135_c0392e1f,5867705135,data/images/5867705135_c0392e1f.jpg,val,0,1,0
5872157907_046d1c83,5872157907,data/images/5872157907_046d1c83.jpg,val,0,0,0
6392816151_6298065f,6392816151,data/images/6392816151_6298065f.jpg,val,0,0,1
6392822447_a701b91e,6392822447,data/images/6392822447_a701b91e.jpg,val,1,1,0
6415209305_c6e32d91,6415209305,data/images/6415209305_c6e32d91.jpg,val,1,1,0
912079549_f6d67f46,912079549,data/images/912079549_f6d67f46.jpg,val,1,1,0
912233113_7c64043d,912233113,data/images/912233113_7c64043d.jpg,val,1,0,1
912233226_48870d22,912233226,data/images/912233226_48870d22.jpg,val,1,0,0
912285385_b2413fc3,912285385,data/images/912285385_b2413fc3.jpg,val,0,0,1
912286352_e45f9d3d,912286352,data/images/912286352_e45f9d3d.jpg,val,1,1,0
912286606_1e60f7c0,912286606,data/images/912286606_1e60f7c0.jpg,val,1,1,0
912292849_1bbd334d,912292849,data/images/912292849_1bbd334d.jpg,val,0,0,1
912293126_a70f4d4f,912293126,data/images/912293126_a70f4d4f.jpg,val,1,1,0
912294184_6304767e,912294184,data/images/912294184_6304767e.jpg,val,1,1,0
912294832_9ff25b32,912294832,data/images/912294832_9ff25b32.jpg,val,1,1,0
