image_id,url,reason
2270466477_ab040c4a,https://swbiodiversity.org/media/swnode/ASU_Plants/ASU0034/ASU0034739_print.jpg,"HTTP 404, dead _print.jpg link (checked 2026-10-02)"
2270467263_521c9b70,https://media01.symbiota.org/media/h_seinet/seinet/ASU/ASU0015/ASU0015653_lg.jpg,HTTP 403 from every client (checked 2026-10-02)
2270467588_ae19263b,https://media01.symbiota.org/media/h_seinet/seinet/ASU/ASU0014/ASU0014321_lg.jpg,HTTP 403 from every client (checked 2026-10-02)
2270467638_41836855,https://media01.symbiota.org/media/h_seinet/seinet/ASU/ASU0008/ASU0008530_lg.jpg,HTTP 403 from every client (checked 2026-10-02)
2270467868_17f5076c,https://swbiodiversity.org/media/swnode/ASU_Plants/ASU0018/ASU0018564_print.jpg,"HTTP 404, dead _print.jpg link (checked 2026-10-02)"
2270467954_d0284dc0,https://swbiodiversity.org/media/swnode/ASU_Plants/ASU0051/ASU0051788_print.jpg,"HTTP 404, dead _print.jpg link (checked 2026-10-02)"
2270467954_f26f9c2a,https://media01.symbiota.org/media/h_seinet/seinet/ASU/ASU0051/ASU0051788a_lg.jpg,HTTP 403 from every client (checked 2026-10-02)
2270468355_23b7a63c,https://media01.symbiota.org/media/h_seinet/seinet/ASU/ASU0015/ASU0015731_lg.jpg,HTTP 403 from every client (checked 2026-10-02)
2270468549_d3a9a44e,https://swbiodiversity.org/media/swnode/ASU_Plants/ASU0015/ASU0015658_print.jpg,"HTTP 404, dead _print.jpg link (checked 2026-10-02)"
2270469163_3696ef3f,https://swbiodiversity.org/media/swnode/ASU_Plants/ASU0007/ASU0007305_print.jpg,"HTTP 404, dead _print.jpg link (checked 2026-10-02)"
2270479127_ae064814,https://media01.symbiota.org/media/h_seinet/seinet/ASU/ASU0007/ASU0007371_lg.jpg,HTTP 403 from every client (checked 2026-10-02)
2270480726_9b483ed5,https://media01.symbiota.org/media/h_seinet/seinet/ASU/ASU0008/ASU0008099_lg.jpg,HTTP 403 from every client (checked 2026-10-02)
2270481937_04197537,https://media01.symbiota.org/media/h_seinet/seinet/ASU/ASU0007/ASU0007331_lg.jpg,HTTP 403 from every client (checked 2026-10-02)
2270482267_f2d68f78,https://swbiodiversity.org/media/swnode/ASU_Plants/ASU0007/ASU0007366_print.jpg,"HTTP 404, dead _print.jpg link (checked 2026-10-02)"
2270482893_13ed3137,https://media01.symbiota.org/media/h_seinet/seinet/ASU/ASU0005/ASU0005390_lg.jpg,HTTP 403 from every client (checked 2026-10-02)
2270482926_96d580ae,https://swbiodiversity.org/media/swnode/ASU_Plants/ASU0008/ASU0008082_print.jpg,"HTTP 404, dead _print.jpg link (checked 2026-10-02)"
2270540351_4bdc83d6,https://media01.symbiota.org/media/h_seinet/seinet/ASU/ASU0304/ASU0304780_lg.jpg,HTTP 403 from every client (checked 2026-10-02)
2270542751_5ef43480,https://media01.symbiota.org/media/h_seinet/seinet/ASU/ASU0304/ASU0304825_lg.jpg,HTTP 403 from every client (checked 2026-10-02)
2270554598_586b616e,https://media01.symbiota.org/media/h_seinet/seinet/ASU/201112/Myrceugenia_exsucca_Quinc.jpg,HTTP 403 from every client (checked 2026-10-02)
2270554598_72b223d7,https://media01.symbiota.org/media/h_seinet/seinet/ASU/ASU0059/ASU0059808_lg.jpg,HTTP 403 from every client (checked 2026-10-02)
2270556704_76115e9b,https://media01.symbiota.org/media/h_seinet/seinet/ASU/ASU0018/ASU0018533_lg.jpg,HTTP 403 from every client (checked 2026-10-02)
2270556929_4244361c,https://media01.symbiota.org/media/h_seinet/seinet/ASU/ASU0034/ASU0034815_lg.jpg,HTTP 403 from every client (checked 2026-10-02)
2270556974_f182697a,https://swbiodiversity.org/media/swnode/ASU_Plants/ASU0057/ASU0057488_print.jpg,"HTTP 404, dead _print.jpg link (checked 2026-10-02)"
2270557565_82d1dc02,https://swbiodiversity.org/media/swnode/ASU_Plants/ASU0059/ASU0059709_print.jpg,"HTTP 404, dead _print.jpg link (checked 2026-10-02)"
2270557861_10458058,https://media01.symbiota.org/media/h_seinet/seinet/ASU/ASU0043/ASU0043127_lg.jpg,HTTP 403 from every client (checked 2026-10-02)
2270557927_35293546,https://media01.symbiota.org/media/h_seinet/seinet/ASU/ASU0057/ASU0057284a_lg.jpg,HTTP 403 from every client (checked 2026-10-02)
2270557927_3d75187f,https://media01.symbiota.org/media/h_seinet/seinet/ASU/ASU0057/ASU0057284_lg.jpg,HTTP 403 from every client (checked 2026-10-02)
2270558005_d0ba040f,https://swbiodiversity.org/media/swnode/ASU_Plants/ASU0033/ASU0033086_print.jpg,"HTTP 404, dead _print.jpg link (checked 2026-10-02)"
2270558303_3179a43e,https://media01.symbiota.org/media/h_seinet/seinet/ASU/ASU0018/ASU0018831_lg.jpg,HTTP 403 from every client (checked 2026-10-02)
2270558655_848150d7,https://media01.symbiota.org/media/h_seinet/seinet/ASU/ASU0057/ASU0057272b_lg.jpg,HTTP 403 from every client (checked 2026-10-02)
2270558655_c3982e09,https://media01.symbiota.org/media/h_seinet/seinet/ASU/ASU0057/ASU0057272_lg.jpg,HTTP 403 from every client (checked 2026-10-02)
2270558655_e0c2f152,https://media01.symbiota.org/media/h_seinet/seinet/ASU/ASU0057/ASU0057272a_lg.jpg,HTTP 403 from every client (checked 2026-10-02)
2270558817_ce18c430,https://swbiodiversity.org/media/swnode/ASU_Plants/ASU0042/ASU0042920_print.jpg,"HTTP 404, dead _print.jpg link (checked 2026-10-02)"
2270558850_2153cd39,https://swbiodiversity.org/media/swnode/ASU_Plants/ASU0018/ASU0018799_print.jpg,"HTTP 404, dead _print.jpg link (checked 2026-10-02)"
2270559192_5c249979,https://swbiodiversity.org/media/swnode/ASU_Plants/ASU0060/ASU0060374_print.jpg,"HTTP 404, dead _print.jpg link (checked 2026-10-02)"
2270559437_a79041c4,https://swbiodiversity.org/media/swnode/ASU_Plants/ASU0060/ASU0060436_print.jpg,"HTTP 404, dead _print.jpg link (checked 2026-10-02)"
2270559475_5bf93ab3,https://swbiodiversity.org/media/swnode/ASU_Plants/ASU0060/ASU0060375_print.jpg,"HTTP 404, dead _print.jpg link (checked 2026-10-02)"
2270560498_96141e3c,https://swbiodiversity.org/media/swnode/ASU_Plants/ASU0033/ASU0033101_print.jpg,"HTTP 404, dead _print.jpg link (checked 2026-10-02)"
2270560557_1c2a384d,https://swbiodiversity.org/media/swnode/ASU_Plants/ASU0061/ASU0061862_print.jpg,"HTTP 404, dead _print.jpg link (checked 2026-10-02)"
2270560609_497663a8,https://media01.symbiota.org/media/h_seinet/seinet/ASU/ASU0060/ASU0060345_lg.jpg,HTTP 403 from every client (checked 2026-10-02)
2270561089_5ef24479,https://swbiodiversity.org/media/swnode/ASU_Plants/ASU0018/ASU0018773_print.jpg,"HTTP 404, dead _print.jpg link (checked 2026-10-02)"
2270561249_4e887d65,https://swbiodiversity.org/media/swnode/ASU_Plants/ASU0033/ASU0033140_print.jpg,"HTTP 404, dead _print.jpg link (checked 2026-10-02)"
2270562314_b802045b,https://swbiodiversity.org/media/swnode/ASU_Plants/ASU0061/ASU0061692_print.jpg,"HTTP 404, dead _print.jpg link (checked 2026-10-02)"
2270562427_21bc0c8f,https://media01.symbiota.org/media/h_seinet/seinet/ASU/ASU0018/ASU0018713_lg.jpg,HTTP 403 from every client (checked 2026-10-02)
2270563859_8150015c,https://swbiodiversity.org/media/swnode/ASU_Plants/ASU0066/ASU0066717_print.jpg,"HTTP 404, dead _print.jpg link (checked 2026-10-02)"
2270563893_a5a403f6,https://swbiodiversity.org/media/swnode/ASU_Plants/ASU0066/ASU0066555_print.jpg,"HTTP 404, dead _print.jpg link (checked 2026-10-02)"
2270563935_dfd94d2c,https://media01.symbiota.org/media/h_seinet/seinet/ASU/ASU0066/ASU0066722_lg.jpg,HTTP 403 from every client (checked 2026-10-02)
2270566322_422a92da,https://media01.symbiota.org/media/h_seinet/seinet/ASU/ASU0066/ASU0066866_lg.jpg,HTTP 403 from every client (checked 2026-10-02)
2270586237_15d1fb5c,https://swbiodiversity.org/media/swnode/ASU_Plants/ASU0034/ASU0034606_print.jpg,"HTTP 404, dead _print.jpg link (checked 2026-10-02)"
2270586237_b52a8721,https://media01.symbiota.org/media/h_seinet/seinet/Myrtaceae/herb_sheets/Eugpit210551C.jpg,HTTP 403 from every client (checked 2026-10-02)
2270670369_06064946,https://media01.symbiota.org/media/h_seinet/seinet/Myrtaceae/herb_sheets/Accmac154385C.jpg,HTTP 403 from every client (checked 2026-10-02)
2270670369_8992daaa,https://media01.symbiota.org/media/h_seinet/seinet/ASU/ASU0008/ASU0008508_lg.jpg,HTTP 403 from every client (checked 2026-10-02)
2270671120_3c19e2fe,https://media01.symbiota.org/media/h_seinet/seinet/ASU/ASU0009/ASU0009238_lg.jpg,HTTP 403 from every client (checked 2026-10-02)
2270672948_d589a946,https://media01.symbiota.org/media/h_seinet/seinet/ASU/ASU0009/ASU0009712_lg.jpg,HTTP 403 from every client (checked 2026-10-02)
2270673184_08f808e5,https://swbiodiversity.org/media/swnode/ASU_Plants/ASU0009/ASU0009443_print.jpg,"HTTP 404, dead _print.jpg link (checked 2026-10-02)"
2270673184_8d05ea6c,https://media01.symbiota.org/media/h_seinet/seinet/ASU/ASU0009/ASU0009443blg.jpg,HTTP 403 from every client (checked 2026-10-02)
2270673184_d9353915,https://media01.symbiota.org/media/h_seinet/seinet/ASU/ASU0009/ASU0009443alg.jpg,HTTP 403 from every client (checked 2026-10-02)
2270673404_3a8225d8,https://media01.symbiota.org/media/h_seinet/seinet/ASU/ASU0010/ASU0010028_lg.jpg,HTTP 403 from every client (checked 2026-10-02)
2270673445_f9d3bceb,https://media01.symbiota.org/media/h_seinet/seinet/ASU/ASU0009/ASU0009219_lg.jpg,HTTP 403 from every client (checked 2026-10-02)
2270674285_5e607c43,https://media01.symbiota.org/media/h_seinet/seinet/ASU/ASU0008/ASU0008780_lg.jpg,HTTP 403 from every client (checked 2026-10-02)
2270674328_79ae7b95,https://media01.symbiota.org/media/h_seinet/seinet/ASU/ASU0009/ASU0009676_lg.jpg,HTTP 403 from every client (checked 2026-10-02)
2270674361_2538ff35,https://media01.symbiota.org/media/h_seinet/seinet/ASU/ASU0009/ASU0009933_lg.jpg,HTTP 403 from every client (checked 2026-10-02)
2270674361_ba883563,https://media01.symbiota.org/media/h_seinet/seinet/ASU/ASU0009/ASU0009933a_lg.jpg,HTTP 403 from every client (checked 2026-10-02)
2270674362_197d8681,https://media01.symbiota.org/media/h_seinet/seinet/ASU/ASU0034/ASU0034885_lg.jpg,HTTP 403 from every client (checked 2026-10-02)
2270674405_062eac19,https://swbiodiversity.org/media/swnode/ASU_Plants/ASU0034/ASU0034628_print.jpg,"HTTP 404, dead _print.jpg link (checked 2026-10-02)"
2270674405_fa73c2fb,https://media01.symbiota.org/media/h_seinet/seinet/ASU/ASU0034/ASU0034628a_lg.jpg,HTTP 403 from every client (checked 2026-10-02)
2270674557_747b1fd7,https://media01.symbiota.org/media/h_seinet/seinet/ASU/ASU0008/ASU0008510_lg.jpg,HTTP 403 from every client (checked 2026-10-02)
2270674782_1d566000,https://swbiodiversity.org/media/swnode/ASU_Plants/ASU0034/ASU0034123_print.jpg,"HTTP 404, dead _print.jpg link (checked 2026-10-02)"
2270675332_3931064b,https://swbiodiversity.org/media/swnode/ASU_Plants/ASU0009/ASU0009855_print.jpg,"HTTP 404, dead _print.jpg link (checked 2026-10-02)"
2270675511_13379efc,https://swbiodiversity.org/media/swnode/ASU_Plants/ASU0010/ASU0010038_print.jpg,"HTTP 404, dead _print.jpg link (checked 2026-10-02)"
2270675532_96bb43f9,https://media01.symbiota.org/media/h_seinet/seinet/ASU/ASU0043/ASU0043232alg.jpg,HTTP 403 from every client (checked 2026-10-02)
2270675532_a31ad5b3,https://media01.symbiota.org/media/h_seinet/seinet/ASU/ASU0043/ASU0043232_lg.jpg,HTTP 403 from every client (checked 2026-10-02)
2270675545_20679859,https://media01.symbiota.org/media/h_seinet/seinet/ASU/ASU0034/ASU0034687_lg.jpg,HTTP 403 from every client (checked 2026-10-02)
2270675549_d85f145d,https://swbiodiversity.org/media/swnode/ASU_Plants/ASU0010/ASU0010143_print.jpg,"HTTP 404, dead _print.jpg link (checked 2026-10-02)"
2270675638_2167418d,https://media01.symbiota.org/media/h_seinet/seinet/ASU/ASU0010/ASU0010024_lg.jpg,HTTP 403 from every client (checked 2026-10-02)
2270675946_5db5b9e1,https://media01.symbiota.org/media/h_seinet/seinet/ASU/ASU0043/ASU0043413_lg.jpg,HTTP 403 from every client (checked 2026-10-02)
2270676107_cc5099cc,https://swbiodiversity.org/media/swnode/ASU_Plants/ASU0010/ASU0010164_print.jpg,"HTTP 404, dead _print.jpg link (checked 2026-10-02)"
2270676236_d8f4ac92,https://media01.symbiota.org/media/h_seinet/seinet/ASU/ASU0054/ASU0054874_lg.jpg,HTTP 403 from every client (checked 2026-10-02)
2270676355_10c1b1d7,https://media01.symbiota.org/media/h_seinet/seinet/ASU/ASU0033/ASU0033007alg.jpg,HTTP 403 from every client (checked 2026-10-02)
2270676355_26ceef52,https://swbiodiversity.org/media/swnode/ASU_Plants/ASU0033/ASU0033007_print.jpg,"HTTP 404, dead _print.jpg link (checked 2026-10-02)"
2270676458_f91058fa,https://swbiodiversity.org/media/swnode/ASU_Plants/ASU0034/ASU0034047_print.jpg,"HTTP 404, dead _print.jpg link (checked 2026-10-02)"
2270676524_9bec96ee,https://media01.symbiota.org/media/h_seinet/seinet/ASU/ASU0033/ASU0033023_lg.jpg,HTTP 403 from every client (checked 2026-10-02)
2270676771_0f69e211,https://media01.symbiota.org/media/h_seinet/seinet/ASU/ASU0034/ASU0034352_lg.jpg,HTTP 403 from every client (checked 2026-10-02)
2270676771_312974ff,https://media01.symbiota.org/media/h_seinet/seinet/ASU/ASU0034/ASU0034352a_lg.jpg,HTTP 403 from every client (checked 2026-10-02)
2270676834_8a2921d3,https://swbiodiversity.org/media/swnode/ASU_Plants/ASU0060/ASU0060698_print.jpg,"HTTP 404, dead _print.jpg link (checked 2026-10-02)"
2270676917_b0f93054,https://media01.symbiota.org/media/h_seinet/seinet/ASU/ASU0034/ASU0034821_lg.jpg,HTTP 403 from every client (checked 2026-10-02)
2270676920_4363f797,https://media01.symbiota.org/media/h_seinet/seinet/ASU/ASU0055/ASU0055104_lg.jpg,HTTP 403 from every client (checked 2026-10-02)
2270677020_04d6186c,https://media01.symbiota.org/media/h_seinet/seinet/ASU/ASU0050/ASU0050055_lg.jpg,HTTP 403 from every client (checked 2026-10-02)
2270677039_1d8a0e6f,https://media01.symbiota.org/media/h_seinet/seinet/ASU/ASU0043/ASU0043346_lg.jpg,HTTP 403 from every client (checked 2026-10-02)
2270677059_e83e9a74,https://media01.symbiota.org/media/h_seinet/seinet/ASU/ASU0034/ASU0034803_lg.jpg,HTTP 403 from every client (checked 2026-10-02)
2270677142_18d4ec38,https://swbiodiversity.org/media/swnode/ASU_Plants/ASU0034/ASU0034956_print.jpg,"HTTP 404, dead _print.jpg link (checked 2026-10-02)"
2270677261_a55a614e,https://swbiodiversity.org/media/swnode/ASU_Plants/ASU0034/ASU0034630_print.jpg,"HTTP 404, dead _print.jpg link (checked 2026-10-02)"
2270677373_8759e49f,https://media01.symbiota.org/media/h_seinet/seinet/ASU/ASU0034/ASU0034284_lg.jpg,HTTP 403 from every client (checked 2026-10-02)
2270677455_99ac8de8,https://media01.symbiota.org/media/h_seinet/seinet/ASU/ASU0060/ASU0060683_lg.jpg,HTTP 403 from every client (checked 2026-10-02)
2270677455_de6c76af,https://media01.symbiota.org/media/h_seinet/seinet/Myrtaceae/herb_sheets/myralp_ful_236716C.jpg,HTTP 403 from every client (checked 2026-10-02)
2270677518_c03ac3ae,https://swbiodiversity.org/media/swnode/ASU_Plants/ASU0056/ASU0056935_print.jpg,"HTTP 404, dead _print.jpg link (checked 2026-10-02)"
2270678031_a21131e8,https://media01.symbiota.org/media/h_seinet/seinet/ASU/ASU0055/ASU0055451_lg.jpg,HTTP 403 from every client (checked 2026-10-02)
2270678097_44eaece9,https://media01.symbiota.org/media/h_seinet/seinet/ASU/ASU0055/ASU0055644_lg.jpg,HTTP 403 from every client (checked 2026-10-02)
2270678191_55e5ab55,https://swbiodiversity.org/media/swnode/ASU_Plants/ASU0042/ASU0042921_print.jpg,"HTTP 404, dead _print.jpg link (checked 2026-10-02)"
2270678220_cc162c0d,https://swbiodiversity.org/media/swnode/ASU_Plants/ASU0055/ASU0055247_print.jpg,"HTTP 404, dead _print.jpg link (checked 2026-10-02)"
2270678399_e9d26c27,https://swbiodiversity.org/media/swnode/ASU_Plants/ASU0033/ASU0033022_print.jpg,"HTTP 404, dead _print.jpg link (checked 2026-10-02)"
2270678489_9b217cb9,https://swbiodiversity.org/media/swnode/ASU_Plants/ASU0055/ASU0055651_print.jpg,"HTTP 404, dead _print.jpg link (checked 2026-10-02)"
2270678994_d46deb45,https://media01.symbiota.org/media/h_seinet/seinet/ASU/ASU0056/ASU0056731_lg.jpg,HTTP 403 from every client (checked 2026-10-02)
2270679062_055b8d90,https://media01.symbiota.org/media/h_seinet/seinet/ASU/ASU0055/ASU0055661_lg.jpg,HTTP 403 from every client (checked 2026-10-02)
2270679124_f7d12585,https://media01.symbiota.org/media/h_seinet/seinet/ASU/ASU0030/ASU0030486_lg.jpg,HTTP 403 from every client (checked 2026-10-02)
2270679189_1a0a2973,https://swbiodiversity.org/media/swnode/ASU_Plants/ASU0043/ASU0043145_print.jpg,"HTTP 404, dead _print.jpg link (checked 2026-10-02)"
2270679360_a1fa8866,https://media01.symbiota.org/media/h_seinet/seinet/ASU/ASU0056/ASU0056713_lg.jpg,HTTP 403 from every client (checked 2026-10-02)
2270679500_04960b95,https://media01.symbiota.org/media/h_seinet/seinet/ASU/ASU0051/ASU0051769a_lg.jpg,HTTP 403 from every client (checked 2026-10-02)
2270679500_6f22cab0,https://swbiodiversity.org/media/swnode/ASU_Plants/ASU0051/ASU0051769_print.jpg,"HTTP 404, dead _print.jpg link (checked 2026-10-02)"
2270679615_282bcaa7,https://media01.symbiota.org/media/h_seinet/seinet/ASU/ASU0030/ASU0030502_lg.jpg,HTTP 403 from every client (checked 2026-10-02)
2270679619_8e2a5043,https://swbiodiversity.org/media/swnode/ASU_Plants/ASU0056/ASU0056748_print.jpg,"HTTP 404, dead _print.jpg link (checked 2026-10-02)"
2270679889_acf515c8,https://swbiodiversity.org/media/swnode/ASU_Plants/ASU0055/ASU0055214_print.jpg,"HTTP 404, dead _print.jpg link (checked 2026-10-02)"
2270679909_c804bb61,https://swbiodiversity.org/media/swnode/ASU_Plants/ASU0057/ASU0057716_print.jpg,"HTTP 404, dead _print.jpg link (checked 2026-10-02)"
2270680340_f46a8bf5,https://swbiodiversity.org/media/swnode/ASU_Plants/ASU0056/ASU0056977_print.jpg,"HTTP 404, dead _print.jpg link (checked 2026-10-02)"
2270681083_e30a9ada,https://swbiodiversity.org/media/swnode/ASU_Plants/ASU0035/ASU0035088_print.jpg,"HTTP 404, dead _print.jpg link (checked 2026-10-02)"
2270681389_dab72ac4,https://swbiodiversity.org/media/swnode/ASU_Plants/ASU0050/ASU0050061_print.jpg,"HTTP 404, dead _print.jpg link (checked 2026-10-02)"
2270683238_4f1a34cb,https://swbiodiversity.org/media/swnode/ASU_Plants/ASU0056/ASU0056113_print.jpg,"HTTP 404, dead _print.jpg link (checked 2026-10-02)"
2270684163_f6f3f03a,https://media01.symbiota.org/media/h_seinet/seinet/ASU/ASU0018/ASU0018929_lg.jpg,HTTP 403 from every client (checked 2026-10-02)
2270684597_3c3e6860,https://swbiodiversity.org/media/swnode/ASU_Plants/ASU0018/ASU0018927_print.jpg,"HTTP 404, dead _print.jpg link (checked 2026-10-02)"
2270685224_d3a2ed1a,https://swbiodiversity.org/media/swnode/ASU_Plants/ASU0018/ASU0018924_print.jpg,"HTTP 404, dead _print.jpg link (checked 2026-10-02)"
2270685276_86eb3301,https://swbiodiversity.org/media/swnode/ASU_Plants/ASU0007/ASU0007441_print.jpg,"HTTP 404, dead _print.jpg link (checked 2026-10-02)"
2270685463_08848747,https://media01.symbiota.org/media/h_seinet/seinet/ASU/ASU0007/ASU0007555_lg.jpg,HTTP 403 from every client (checked 2026-10-02)
2270685997_9ce03295,https://media01.symbiota.org/media/h_seinet/seinet/ASU/ASU0034/ASU0034763_lg.jpg,HTTP 403 from every client (checked 2026-10-02)
2270686145_7ef958a6,https://media01.symbiota.org/media/h_seinet/seinet/ASU/ASU0009/ASU0009299_lg.jpg,HTTP 403 from every client (checked 2026-10-02)
2270686862_4e2b7030,https://swbiodiversity.org/media/swnode/ASU_Plants/ASU0034/ASU0034433_print.jpg,"HTTP 404, dead _print.jpg link (checked 2026-10-02)"
2270686862_da97edc0,https://media01.symbiota.org/media/h_seinet/seinet/ASU/ASU0034/ASU0034433a_lg.jpg,HTTP 403 from every client (checked 2026-10-02)
2270690078_e0f992b5,https://media01.symbiota.org/media/h_seinet/seinet/ASU/ASU0009/ASU0009442_lg.jpg,HTTP 403 from every client (checked 2026-10-02)
2270690448_53864d27,https://swbiodiversity.org/media/swnode/ASU_Plants/ASU0007/ASU0007436_print.jpg,"HTTP 404, dead _print.jpg link (checked 2026-10-02)"
2270691060_8cdb92cc,https://swbiodiversity.org/media/swnode/ASU_Plants/ASU0034/ASU0034138_print.jpg,"HTTP 404, dead _print.jpg link (checked 2026-10-02)"
2270692568_9f12656a,https://media01.symbiota.org/media/h_seinet/seinet/ASU/ASU0052/ASU0052993_lg.jpg,HTTP 403 from every client (checked 2026-10-02)
3120762355_be00a608,https://media01.symbiota.org/media/seinet/swnode/ASU_Plants/ASU0309/ASU0309816_lg.jpg,HTTP 403 from every client (checked 2026-10-02)
3359738302_2a39eff9,https://media01.symbiota.org/media/seinet/swnode/ASU_Plants/ASU0099/ASU0099547_lg.jpg,HTTP 403 from every client (checked 2026-10-02)
3762880408_934e3ead,https://media01.symbiota.org/media/seinet/swnode/ASU_Plants/CSP11/CSP11049_lg.jpg,HTTP 403 from every client (checked 2026-10-02)
3762880420_5038ca3a,https://media01.symbiota.org/media/seinet/swnode/ASU_Plants/CSP11/CSP11274_lg.jpg,HTTP 403 from every client (checked 2026-10-02)
3762891439_89d12522,https://media01.symbiota.org/media/seinet/swnode/ASU_Plants/CSP12/CSP12180.jpg,HTTP 403 from every client (checked 2026-10-02)
